time,variable,observed,base,US_shock,UK_shock,DE_shock,JP_shock,BR_shock
0,US_gdp,1.9416,2.3461953463490515,-0.4045953463490515,0.0,0.0,0.0,0.0
0,UK_gdp,1.3646,1.854234127323167,-0.12712930262413158,-0.3625048246990355,0.0,0.0,0.0
0,DE_gdp,1.3121,1.675421425566216,0.022983952253125658,0.012906295566175214,-0.39921167338551694,0.0,0.0
0,JP_gdp,1.5731,0.9694197360110968,-0.008137088519552643,-0.02454973895442615,0.052010149872566025,0.5843569415903159,0.0
0,BR_gdp,3.1723,3.394311460325897,0.006453802181388958,0.018415012637438163,0.009602351052529136,-0.061621334425108476,-0.19486129177214492
1,US_gdp,2.3199,2.5198662423877214,-0.15560472148981458,-0.00040222166275674166,0.06382583427925362,-0.14468837000355925,0.03690323648915574
1,UK_gdp,1.8346,2.072986416043632,-0.09790117480654374,-0.23669029191228272,-0.03271077015810839,0.11635415808812831,0.012561662745174212
1,DE_gdp,1.1977,1.4927499992055056,0.012117795755767113,0.016548832951198234,-0.5425862692358008,0.2379320595566857,-0.019062418233355936
1,JP_gdp,1.4041,0.9592119417667321,-0.03874784838891788,-0.07347169194640382,0.09929888335174532,0.4362402917919818,0.021568423424862395
1,BR_gdp,3.0937,3.071445906722773,0.010766280105027911,0.04507267411523331,-0.013286040328828151,-0.1732323073843205,0.15293348677011426
2,US_gdp,2.5091,2.6042464500236053,0.01897868794487788,0.006175235115493488,0.017037011958366557,-0.10740534031234389,-0.029932044729999326
2,UK_gdp,2.5551,2.0999045376083463,-0.050904412245552116,0.47967592636784256,-0.017356147790049802,0.06890610344917478,-0.02512600738976163
2,DE_gdp,1.0763,1.4666517011440146,-0.01519896374581394,-0.025492469404277768,-0.5343673942044627,0.16302617763221292,0.02168094857832684
2,JP_gdp,0.7088,1.0054038131398686,-0.08031469640777912,-0.04468723723440773,0.06415932654794256,-0.2179817716932165,-0.017779434352407888
2,BR_gdp,2.4417,2.9565900275936134,0.015937989900829213,0.043660113680314874,0.007435390331029284,-0.11301167740962578,-0.4689118440961611
3,US_gdp,2.4168,2.5892742168954994,-0.3520027353315009,0.007765499545092806,-0.028355382264977903,0.11227610284771458,0.08784229830817199
3,UK_gdp,2.1544,2.088191957124218,-0.14904958474126015,0.32137314344863865,-0.009922151073919496,-0.13004770256296178,0.033854337805284664
3,DE_gdp,1.2543,1.4665980647042753,-0.011856040305824996,-0.03811526485609735,-0.02494818808264676,-0.0843796119961498,-0.05299895946355641
3,JP_gdp,0.9678,1.0258506702052628,-0.06535261213381979,0.057957369359109015,-0.041347244238596544,-0.0588896474104961,0.049581464218540705
3,BR_gdp,2.8836,2.9336978797400906,0.0343037466765478,-0.007085170217155164,0.031235956953241013,-0.017004979129391556,-0.09154743402333265
4,US_gdp,2.5735,2.5766355350524326,0.03781688636717846,-0.00995782338251265,-0.1289560296670934,0.07970342577763925,0.018258005852355853
4,UK_gdp,2.3347,2.066768536152917,-0.04332727919785797,0.4046246435513599,0.023684395766423224,-0.08915694561599603,-0.02789335065684578
4,DE_gdp,1.7817,1.4669361198305912,-0.02137988613536237,-0.009098328055963808,0.33569244429731265,0.0023653665141456608,0.007184283549276631
4,JP_gdp,1.0467,1.0293915206251192,-0.057188990809251924,0.11849934475404782,-0.14666092913420214,0.09444597726814094,0.008213077296146171
4,BR_gdp,2.6974,2.9336807850688733,0.03525713780930634,-0.08691432245143892,0.07341556005581046,-0.016355824986266313,-0.24168333549628485
5,US_gdp,2.5337,2.5709487697814066,0.06429169972359954,-0.016200298589693754,-0.1082545009635445,-0.01741303138169059,0.04032736142992268
5,UK_gdp,2.6223,2.0497029158903817,-7.204938534767329e-05,0.5464759584963139,0.014407873956512633,0.021200622846899025,-0.009415321804759527
5,DE_gdp,1.0587,1.4650166904638298,-0.02982609312363833,-0.007052788618729513,-0.3957352622526177,0.051337742954549626,-0.025040289423393803
5,JP_gdp,1.3602,1.02203947530664,-0.06745765810110443,0.15198929100554448,-0.0330805274740026,0.26762900567596176,0.01908041358696092
5,BR_gdp,3.1968,2.937282280707306,0.02959022365694744,-0.12604103970075023,0.08343251741914139,-0.025555037131774417,0.29809105504913
6,US_gdp,2.385,2.570195781812021,-0.14378937012690352,-0.009945008905529226,0.09053598363921318,-0.06794028524344602,-0.054057101175355594
6,UK_gdp,2.2434,2.0402360791696075,-0.04403217787049179,0.29532766831291585,-0.0666231572504265,0.06843717892228857,-0.04994559128389375
6,DE_gdp,1.8519,1.4603792653504848,-0.022417012857514386,0.0014360199347023465,0.26236485660556613,0.11721332663044354,0.03292354433631761
6,JP_gdp,1.1422,1.0134951103404333,-0.02555389977075429,0.16659621819573134,-0.004255729940545485,0.031986493405282486,-0.04006819223014727
6,BR_gdp,2.339,2.94274216977279,0.031065793048081516,-0.14641023203564307,-0.03519643409923897,-0.051492171398075506,-0.4017091252879139
7,US_gdp,2.9482,2.5703723298261,0.41640154776630617,-0.00643548718902817,-0.11075096837402794,0.0010303670761937396,0.07758221089445616
7,UK_gdp,2.2263,2.036680085770804,0.12772551315541125,-0.02016015804449532,0.0484833342318568,-0.0024703748769641662,0.03604159976338782
7,DE_gdp,2.0462,1.4559881225653695,-0.0346911888872254,0.0232281103287112,0.6407055267993286,0.01635917508469668,-0.05538974589088078
7,JP_gdp,0.8671,1.0074274746671104,-0.004444841135079791,0.1236093444873773,-0.14639776023823292,-0.15017417604708105,0.03707995826590614
7,BR_gdp,3.0245,2.948144130407627,0.012343794008432685,-0.13383307201481542,0.023458998332958614,-0.013580364749876808,0.18796651401567396
8,US_gdp,2.6987,2.569737621179983,0.16353609720063564,0.0009175005434531071,-0.07283463534882136,0.06903261631640477,-0.03168919989165516
8,UK_gdp,1.4092,2.0366708767487087,0.10646183842675723,-0.6733489257208466,0.038228550357189625,-0.06416256120976298,-0.034649778602045996
8,DE_gdp,1.8394,1.4526981002796902,-0.023864853725819465,0.0458641358921505,0.38319637575992826,-0.048574840940653424,0.030081082734704005
8,JP_gdp,0.7869,1.0040470975934506,0.017917939075808655,0.008587831193984716,-0.08694022901621473,-0.13355748696504222,-0.0231551518819869
8,BR_gdp,3.0549,2.9522730647466875,-0.0010989382406580337,-0.05093514521972124,0.03664646379108822,0.022690164053066487,0.09532439086953721
9,US_gdp,2.4409,2.5685730982382085,-0.2165233121711928,0.01147442747015156,0.04956359952195269,0.050526995221720335,-0.022714808280839986
9,UK_gdp,1.1895,2.0379318565549114,-0.007616032418698396,-0.7857893136893267,-0.013717675873627766,-0.038737718338688006,-0.0025711162345705522
9,DE_gdp,1.9537,1.4504467027376298,0.012850765245660204,0.04772608874753277,0.4855968200173566,-0.04059108919241587,-0.0023292875557635742
9,JP_gdp,0.7373,1.0025682909295144,0.07063516499794059,-0.14458786421821265,-0.017501353107061666,-0.15844239060287132,-0.015371847999309357
9,BR_gdp,3.3628,2.9547268900802512,-0.0054333055825079996,0.0663038781532495,-0.04296610215214108,0.05037847336803802,0.3397901661331105
10,US_gdp,2.5873,2.5673766250401044,-0.002415771023163387,0.025493495970811842,0.022987153110098527,0.03326995171500402,-0.05941145481285537
10,UK_gdp,1.7476,2.0391383293337637,0.018161756047028712,-0.30786557095530165,0.021517250213024162,-0.011779167191902442,-0.01157259744661239
10,DE_gdp,1.2652,1.4489448718389237,0.02719978725888262,0.0012495269022842746,-0.18386930139736815,-0.05630962336598149,0.0279847387632591
10,JP_gdp,0.7511,1.0020849857941598,0.04115159312187103,-0.21503322683765114,0.07157137498878267,-0.1116971402780522,-0.03697758678911025
10,BR_gdp,3.2753,2.9558186052243762,-0.02141496494435204,0.16105401751104517,-0.03457124598966876,0.06840100969317847,0.14601257850542085
11,US_gdp,2.8175,2.5664296594715763,0.0814110977670773,0.02843004125495548,0.15507650506097678,0.012927639212961294,-0.026774942767547088
11,UK_gdp,2.0787,2.0398422666823204,0.024386772722374942,0.015068019249033423,-0.033312301777201854,0.008668964625663071,0.02404627849781011
11,DE_gdp,1.9228,1.4479051271324632,0.005982726575861025,-0.0384627870025604,0.5453446077931176,-0.04034764948373473,0.0023779749848533405
11,JP_gdp,0.8244,1.0019679909828718,-0.0037997566878437685,-0.1574950616784123,0.04284711631556403,-0.04529716418654232,-0.013823124745637577
11,BR_gdp,3.2286,2.9561401025680913,-0.02232619654183844,0.16679276731875028,-0.10150393256948098,0.05291712467600511,0.1765801345484727
12,US_gdp,2.5446,2.5657861541999596,0.08330615456628089,0.009184723656828568,-0.07270497437937985,-0.009714273548865107,-0.0312577844948241
12,UK_gdp,2.5308,2.040077284757559,0.017693352123777262,0.36066723006361356,0.07025994812821375,0.02467576149550716,0.01742642343132961
12,DE_gdp,1.4652,1.4471377382813633,-0.008720039412777464,-0.04294607318878071,0.07388666972001541,-0.01918659252865783,0.015028297128837333
12,JP_gdp,0.7657,1.0018990458924288,0.006390220013328028,-0.04123633319000384,-0.014223226386400018,-0.1750155484756611,-0.012114157853691783
12,BR_gdp,2.9811,2.956175258542062,-0.01117958865844699,0.08647073666710743,0.001312512679707857,0.046546189433058306,-0.09822510866348858
13,US_gdp,2.9046,2.5653824438147677,0.2070315472006807,-0.012380766406696685,0.1031339950190977,0.024879531720316355,0.016553248651834156
13,UK_gdp,1.77,2.0400386560889885,0.06916843437624144,-0.3398725191929036,-0.02303027202359268,-0.009446085552387587,0.03314178630365394
13,DE_gdp,1.291,1.4465379251330464,-0.008908721835897056,-0.0024279203563888534,-0.05647547554222397,-0.07613045854741622,-0.011595348851120398
13,JP_gdp,0.9664,1.0017769714428626,0.022175492354157205,0.017134176946010625,0.08478865429310081,-0.17839927660570398,0.01892398156957278
13,BR_gdp,3.2225,2.956185144938205,-0.008554594608131098,0.029227424671194595,-0.04440194943512092,0.06521798684689777,0.22482598758695468
14,US_gdp,2.8866,2.5651311292155965,0.3024804100434451,-0.024512064810399033,0.05569773945601473,0.03250107627710473,-0.04469829018176182
14,UK_gdp,1.4509,2.039904877130524,0.12826726744651004,-0.6803751823951223,-0.007260481586031668,-0.018362452422269488,-0.011274028173610774
14,DE_gdp,1.5263,1.4460549937772331,-0.010573832616934791,0.04795347963296303,0.0869670485590828,-0.07460200417300102,0.03050031482065691
14,JP_gdp,1.223,1.0016089742359595,0.04024733194150225,-0.06409463276154406,0.04215778650630482,0.22054794520537727,-0.01746740512759974
14,BR_gdp,2.4589,2.956252854485521,-0.013195869337015475,0.035633422245381095,-0.051891384921331475,0.02738871710980549,-0.49528773958236094
15,US_gdp,2.3521,2.564963494814698,-0.22167975395347628,-0.00928298151885652,0.003887914259854226,-0.07683647423539214,0.09104780063317246
15,UK_gdp,1.7236,2.0397795818868385,-0.008856469544141696,-0.44589093291454734,0.01821086757690025,0.07248810959934751,0.04786884339560288
15,DE_gdp,1.6076,1.445665288351056,0.025009105132188462,0.028029553755321096,0.07749403153903456,0.08437778267747653,-0.052975761455076605
15,JP_gdp,1.0106,1.0014326659958102,0.06339878078131228,-0.16334286327702127,0.0068317333222888965,0.04347431478103062,0.05880536839657916
15,BR_gdp,2.7254,2.956369554552672,-0.014713549710969956,0.10982818273086746,-0.012533391626218499,-0.031367976718354285,-0.28218281922799654
16,US_gdp,2.5927,2.564838716654756,-0.015002374669870932,0.013084187803705743,0.013852857956853117,-0.03720904612452244,0.05313565837907844
16,UK_gdp,1.6237,2.039699074460967,0.00950026329367403,-0.44548476320543123,0.0027811974507411753,0.030984053963700315,-0.013779825963651194
16,DE_gdp,1.7764,1.4453549521669506,0.031069017383597523,-0.0041060420083186,0.3097918195999045,0.00044882200117255357,-0.0061585691433066365
16,JP_gdp,0.8291,1.0012780430489219,0.05135194771245285,-0.18709555068627956,-0.02418060519932144,-0.04584453832611771,0.0335907034503438
16,BR_gdp,2.8499,2.956500618205391,-0.021859085933223835,0.16225793691755305,-0.015003724423126745,-0.008371236274259996,-0.2236245084923337
17,US_gdp,2.3382,2.564737708667315,-0.2691870745983764,0.012405811721158448,-0.026151028242303174,0.021537087297646713,0.034857495154559416
17,UK_gdp,1.7015,2.0396608666848626,-0.08811946397194532,-0.2133119619977277,0.01950577502615442,-0.02974439407702203,-0.026490821664322033
17,DE_gdp,1.3187,1.4451121225577106,0.03558333639670267,-0.013975486817501563,-0.11127848213408195,-0.022994663304881393,-0.013746826697948368
17,JP_gdp,0.2535,1.001157706998353,-0.007482662090590914,-0.16388083066319148,0.011900723494785057,-0.6062547225273289,0.018059784787973168
17,BR_gdp,3.2538,2.9566184256101518,-0.019398262583710964,0.1562022410809408,0.008126253542883037,0.05470481216620662,0.09754653018352873
18,US_gdp,2.918,2.5646536085684213,0.1294305964141604,0.002457756946234354,0.081925472991464,0.15675795618712435,-0.017225391107403988
18,UK_gdp,2.027,2.0396489972167027,-0.011048973050596511,0.20937987617002402,-0.029148264921909556,-0.13664062781705488,-0.04519100759716574
18,DE_gdp,1.1754,1.4449248752238195,-0.0038335818012810393,-0.030196922854191278,0.0003243828206683859,-0.24872309205776746,0.012904338668751871
18,JP_gdp,0.5543,1.001070735432128,-0.024827861804372246,-0.09252716709183144,0.05290714037004803,-0.36224827583020514,-0.020074571075767246
18,BR_gdp,3.1996,2.9567107404110726,-0.005932757788982714,0.11410236506716143,-0.0395819409793384,0.1653452421319321,0.008956351158155183
19,US_gdp,2.3619,2.5645844422200588,-0.2855211599639795,-0.006904350196115807,0.0011308414973830608,0.0871716838071963,0.0014385426354572065
19,UK_gdp,2.4263,2.039648449877997,-0.11523856138015362,0.5549593382015408,0.011191497850433541,-0.054538920363729905,-0.009721804186087899
19,DE_gdp,0.8749,1.4447816895456793,0.007902066347946797,-0.040557411406721505,-0.3940043160934252,-0.13500851187088905,-0.00821351652259037
19,JP_gdp,0.8645,1.0010098447786286,-0.04207851834839173,0.02480177747690234,0.062332705071835026,-0.17041443791539795,-0.011151371063576217
19,BR_gdp,3.1659,2.956777280747568,0.009066906143845107,0.02707172604045472,-0.004623973373836778,0.14370281111495184,0.0339052493270174
20,US_gdp,2.4515,2.564529138958605,-0.1457486373657718,-0.017502104719598,0.07136858064661339,-0.019983475998354153,-0.0011635015214944292
20,UK_gdp,1.9216,2.039650087044669,-0.09195592104777445,-0.050701887451036654,-0.0278259197735851,0.054052961645167964,-0.0016193204174411514
20,DE_gdp,1.3032,1.444672396571972,0.0005680744308252043,-0.005555495433688043,-0.05777344713250065,-0.07744491083093578,-0.0012666176056728511
20,JP_gdp,1.0659,1.0009668617894278,-0.03424258665790626,0.09328413954172612,0.04387779671081404,-0.029005612990998457,-0.008980598393063189
20,BR_gdp,2.8337,2.9568234972164285,0.023096008373913877,-0.04374576077475205,-0.026507549634724247,0.1104359818810858,-0.18640217706195197
21,US_gdp,2.4604,2.5644861298447426,-0.004577690712043206,-0.02523142258632879,-0.057055172063608106,-0.05341774834805853,0.036195903865296156
21,UK_gdp,2.0851,2.039650244553577,-0.04246725498279987,-0.027854417270281703,0.021656271865873104,0.07622673050205665,0.017888425331575274
21,DE_gdp,1.4905,1.4445887330135212,-0.008950083056279522,0.028999691043454102,0.0762438911947216,-0.027885644422768946,-0.022496587772648423
21,JP_gdp,0.2986,1.000935378989597,-0.06429326233689221,0.05441664800023483,-0.04601038599005133,-0.6651770193154293,0.018728640652540932
21,BR_gdp,3.1474,2.9568558262900013,0.021483662009981284,-0.06731679918976288,0.022281240091315706,0.11919528153015863,0.09490078926830599
22,US_gdp,2.5249,2.5644533181156124,-0.09356462050622336,-0.00971890631332295,-0.03911683668868981,0.12175569965513752,-0.01890865426251359
22,UK_gdp,1.9045,2.0396485316387283,-0.05504934899791164,0.01679625989783035,0.006512129957564281,-0.08658855315340187,-0.016819019342809237
22,DE_gdp,1.3709,1.444524377111925,-0.019542955146542813,0.011219896102679964,0.21227582767333186,-0.2917032722289573,0.014126126487563308
22,JP_gdp,0.7237,1.0009112903954591,-0.05281558145732,0.011936064967012973,-0.059784031898970254,-0.1659994596152418,-0.010548282390940156
22,BR_gdp,3.074,2.9568793634821176,0.02808131033034992,-0.029303612529722887,0.02722801977535269,0.1711737693401111,-0.08005885039820856
23,US_gdp,2.5265,2.5644284892024247,-0.04002532233617161,0.005695496899543344,-0.03593126421683834,0.01956154941385499,0.012771051037187078
23,UK_gdp,1.8309,2.03964580962709,-0.03272406298531507,-0.18685442180679315,0.005057285692966649,-0.000710977681003966,0.006486367153055483
23,DE_gdp,1.2036,1.4444746544907605,-0.01634945874247886,0.006262881081297377,-0.14736272428752994,-0.06992261216562567,-0.01350274037642339
23,JP_gdp,0.5518,1.0008922922092505,-0.03326281415034545,-0.011519010077580128,-0.004359281414726705,-0.4073457805085282,0.007394593941929942
23,BR_gdp,3.0182,2.956897355419396,0.026271582754648037,-0.001811286368611256,0.023588966100708413,0.11879207539329789,-0.10553869329943877
24,US_gdp,2.578,2.564409672394453,-0.09599550566575243,0.006379644197436768,0.056913059300148554,0.024970320943104165,0.02132280883060978
24,UK_gdp,1.6231,2.0396430000616443,-0.03716717232122058,-0.3559335176884222,-0.02893040851338286,0.003900081836118285,0.0015880166252630345
24,DE_gdp,0.9894,1.4444361374069254,-0.00883106155378464,0.015350687801823564,-0.2586682881738603,-0.19446481024823026,-0.008422665232873838
24,JP_gdp,0.4619,1.0008771535793848,-0.03209600357139537,-0.05341597971528623,0.06283810327343885,-0.5275882067100448,0.0112849331439028
24,BR_gdp,2.8061,2.956911586491054,0.0214025970660585,0.030123227322440185,-0.018639008050880795,0.19501087995350314,-0.37870928278217486
25,US_gdp,2.2349,2.564395307766089,-0.5122897057550376,0.006335592860983776,0.024332454554982164,0.08248172241135382,0.06964462816162913
25,UK_gdp,1.7432,2.039640643935645,-0.17181234611405355,-0.08548128142053527,-0.008530194891209314,-0.044350305763293234,0.013733484253446466
25,DE_gdp,1.1288,1.44440628192565,0.014887781495359473,0.0030336566545788595,-0.06722921263754153,-0.2313771406091502,-0.03492136682889665
25,JP_gdp,0.72,1.0008651488577924,-0.03702564027498065,-0.08199113736201286,0.02052864602003154,-0.22207852005043788,0.039701502809607464
25,BR_gdp,2.7823,2.9569229740745078,0.025268896552051376,0.05969764220204853,-0.01563673595556722,0.18179022229391445,-0.4257429991669545
26,US_gdp,2.617,2.564384248769164,0.01013495898616559,0.008975487465055493,-0.03525473677835937,-0.009605981950930006,0.07836602350890447
26,UK_gdp,1.6271,2.0396388983348315,-0.06333226366102793,-0.38886845226843353,0.015264393201288775,0.03233137443555301,-0.007933950042211955
26,DE_gdp,1.3704,1.444383158464659,-0.010485277211013297,-0.001509482907775627,0.07935653199712042,-0.11038941060573841,-0.03095551973725206
26,JP_gdp,1.0795,1.000855740103051,-0.06743243527812352,-0.08533309436730631,-0.03599525035001624,0.2243918588329145,0.043013181059480515
26,BR_gdp,2.8983,2.956932036412835,0.022808358950649286,0.08496343863612717,0.01863410461349614,0.08357749737725868,-0.26861543599036647
27,US_gdp,2.3427,2.5643756812901697,-0.09594436640658682,0.002372683243224746,-0.0392782397598694,-0.13526094191153387,0.046435183544595485
27,UK_gdp,1.6244,2.0396376905805624,-0.07666749952303024,-0.4457209953785768,0.008180739515585077,0.1334146002952206,-0.03444453548976082
27,DE_gdp,1.1983,1.4443652736397594,-0.026437865362451362,0.013990194109341004,-0.2749626190554918,0.05824739361463614,-0.01690237694579348
27,JP_gdp,0.9977,1.0008484526424744,-0.095626464167053,-0.1160481970254151,0.00635986760908178,0.18202304028467411,0.02014330065623784
27,BR_gdp,2.7954,2.956939154058726,0.02810131858480894,0.09642127845258243,0.03408469816825511,-0.019348758747622433,-0.3007976905167501
28,US_gdp,2.5758,2.5643690257591687,0.01136468896708569,0.0011686171212077544,0.04496041299126728,-0.10188067456961847,0.05581792973088934
28,UK_gdp,1.9652,2.0396368687639357,-0.03577696642018473,-0.05868902472963563,-0.03326460303417609,0.08041504692581403,-0.027121321505753433
28,DE_gdp,1.0643,1.4443514581702215,-0.03934668754477623,-0.004877328059717564,-0.3406596472915397,0.03338571500790362,-0.028553510282091667
28,JP_gdp,0.8774,1.0008428537865433,-0.05339315603094727,-0.12368531750853266,0.05903659956469381,-0.025338292394937387,0.01993731258318014
28,BR_gdp,2.606,2.9569446705893965,0.03810581427872993,0.1100485536246344,-0.0057664367192238495,-0.03988929596209772,-0.4534433058114395
29,US_gdp,2.8655,2.5643638570443854,0.2040817843742123,0.004446708102033034,0.0035340319754451946,0.0016065071488747822,0.08746711135504918
29,UK_gdp,1.8535,2.0396362919918554,0.05692047424334344,-0.18711637900642777,-0.011152721067499346,-0.030297332141059664,-0.014490334020212093
29,DE_gdp,0.5844,1.4443407944573534,-0.035878280576612555,-0.015425677906306782,-0.7278732704779379,-0.03738384287568872,-0.04337972262080737
29,JP_gdp,1.2056,1.0008385660849712,-0.03232001661711917,-0.08717085507353453,0.08528524604724298,0.20311270046311117,0.03585435909532836
29,BR_gdp,2.7594,2.9569489072365767,0.02734390476388227,0.10230151833573804,0.01575368658107568,-0.051192393187516526,-0.29175562372975616
30,US_gdp,2.7234,2.5643598510722962,0.1032774961532503,-0.0037854052449441252,0.04299001045127457,-0.03829550232528108,0.05485354989340402
30,UK_gdp,1.3532,2.039635863102175,0.06676087051689063,-0.6814982830324948,-0.03754360572914095,0.0005472155700063238,-0.03470206042743647
30,DE_gdp,0.621,1.444332565282148,-0.027329885912488375,0.017557676762223334,-0.8590732027588464,0.06898414315404473,-0.0234712965270812
30,JP_gdp,1.3703,1.000835279596329,0.003528095858907608,-0.10362746430958171,0.10915607950612508,0.3432518738857406,0.017156135462479693
30,BR_gdp,3.7295,2.9569521489020603,0.016854160297521376,0.09889099214247797,0.01648087790205547,-0.09914325362903346,0.7394650743849183
31,US_gdp,2.7179,2.5643567536001686,0.4047823357270074,-0.00827264406758659,-0.01624778060694382,-0.08547198805581775,-0.14124667659682774
31,UK_gdp,2.1416,2.039635527062937,0.17183520710303604,0.005515626013162551,-0.027329748317567883,0.04624854097738858,-0.09430515283895619
31,DE_gdp,1.2499,1.4443262135867398,-0.028450820017489806,0.006845020656390556,-0.366467533697174,0.12380096122111277,0.06984615825042065
31,JP_gdp,0.8075,1.0008327525988685,0.04624984008380483,-0.1357396348688294,-0.0016715849191676771,-0.004347619538923344,-0.09782375335575304
31,BR_gdp,3.7059,2.9569546314572754,-0.0038818465284650803,0.10510438925115231,0.03539550177412385,-0.08599415223566172,0.6983214762815751
32,US_gdp,2.1222,2.5643543628492225,-0.19587669527291388,0.004005638826674756,-0.14247336145940834,0.018172426669702393,-0.12598237161327774
32,UK_gdp,2.2273,2.0396352567881895,0.021537817705538528,0.19784137178256583,0.0162132102907782,-0.041374189062504625,-0.006553467504567218
32,DE_gdp,1.3511,1.4443213091428349,0.016807373760349274,-0.03486027628763824,-0.09412118352450295,-0.011588486118607296,0.03054126302756438
32,JP_gdp,1.1676,1.0008308028082746,0.06665816902528739,-0.06984786870435093,-0.11609437488403866,0.37375462949530003,-0.08770135774047261
32,BR_gdp,3.4942,2.9569565392470265,-0.017034059473392316,0.0949777810953547,0.09942272571979263,-0.06947015274884362,0.42934716616006247
33,US_gdp,1.8936,2.564352519096517,-0.42367922823463183,-0.0016208113822343856,-0.12285234222239332,-0.05506110017828766,-0.06753903707896956
33,UK_gdp,2.0469,2.0396350392293376,-0.10288195589146823,0.03738456523133212,-0.002564147229459661,0.02107086707063706,0.05425563158962115
33,DE_gdp,1.4139,1.444317520795098,0.048939194729914176,-0.01789725960634143,-0.2369691684631395,0.1599864398729761,0.015523272671492602
33,JP_gdp,1.0537,1.0008292946234747,0.061014645061808016,0.005082945309617143,-0.08796510983888485,0.11657712832583432,-0.04183890348184921
33,BR_gdp,3.0347,2.956958011029356,-0.01879105233482491,0.028335451013389745,0.10267595481920899,-0.11386987914872111,0.07939151462159148
34,US_gdp,2.0495,2.564351097138734,-0.4300151968150872,-0.015177187094611933,-0.04114006962304507,-0.015107583259197739,-0.013411060346792314
34,UK_gdp,1.4242,2.039634866436689,-0.17845239527179937,-0.47179932069116437,-0.03289205342270963,-0.005967221038954637,0.07367612398793895
34,DE_gdp,1.2159,1.4443145938698194,0.05047111113991241,0.0224074305556135,-0.3429251338043457,0.04360933772415715,-0.00197733948515674
34,JP_gdp,0.7248,1.0008281268061963,-0.033058065597477655,-0.011812236674398137,-0.02015387818890221,-0.21869450733561158,0.007690560990193312
34,BR_gdp,2.7088,2.956959149630937,-0.015573238246476976,0.014718495314726698,0.053686088660790644,-0.02634423038085177,-0.2746462649791252
35,US_gdp,2.5362,2.5643499998754504,-0.13237119271517284,-0.01332627152304379,-0.025636547113307928,0.09703736121358143,0.04614665026249285
35,UK_gdp,1.7008,2.0396347315005525,-0.14734130196949738,-0.13404770063812999,-0.02205384001654672,-0.09500414082794485,0.05961225195156635
35,DE_gdp,0.8593,1.4443123323242566,-0.0017043090416137608,0.02254991722201954,-0.5091138214338784,-0.07624306911573561,-0.020501049955048496
35,JP_gdp,0.6474,1.0008272227114596,-0.10540945085425184,-0.07433587275168757,0.018953210842090857,-0.2433788483374167,0.05074373838980575
35,BR_gdp,3.0117,2.9569600315216573,0.008397604955859918,0.03931704667297104,0.038602830628204486,0.04646746703470671,-0.0780449808133995
36,US_gdp,2.5401,2.5643491525862783,-0.1096600171701953,0.004052708328776716,-0.011184914655573013,0.087696227590511,0.004846843320202153
36,UK_gdp,1.8393,2.0396346275547668,-0.13449085439179617,0.03125497463113914,-0.022026178023355856,-0.07184413223965373,-0.003228437531100323
36,DE_gdp,0.8421,1.4443105849831572,-0.03184855977875948,-0.013133509328088306,-0.48877612231430956,-0.0797435541309707,0.01129116056897056
36,JP_gdp,0.9837,1.0008265233912577,-0.11960872217440255,-0.06917838209028607,0.02386677294551856,0.1253962543611077,0.022397553566804746
36,BR_gdp,3.0745,2.9569607144471326,0.036878843064501746,0.06491320313358488,0.034785553811596925,0.04787850062776816,-0.06691681508458418
37,US_gdp,2.3838,2.564348497974805,-0.10546743021942377,0.00680915963564058,-0.047018865259339404,-0.0399871673485885,0.005115805216906132
37,UK_gdp,2.2673,2.0396345480736446,-0.09991082693499921,0.29771898251475143,-0.010509005637921662,0.05405237063086803,-0.013686068646343336
37,DE_gdp,0.9462,1.4443092350772817,-0.03630828899722133,-0.02522509955800359,-0.5008122556881015,0.06317525435084419,0.0010611548152006042
37,JP_gdp,1.3741,1.0008259829984911,-0.09104422940361687,-0.008357095134334785,0.003067874540226239,0.45907702803965017,0.0105304389595843
37,BR_gdp,3.0428,2.956961242787531,0.055044455714125064,0.025712656364311307,0.05340049503539351,-0.039184984361961155,-0.009133865539399745
38,US_gdp,2.8079,2.5643479920932264,0.43532569559518347,-0.002772501243002048,-0.05163572549165756,-0.13966811998525683,0.0023026590315065984
38,UK_gdp,2.0996,2.0396344873718637,0.1052791343026733,-0.14355050901030225,-0.016891722264193356,0.13199629347976152,-0.01686768387980281
38,DE_gdp,0.9277,1.4443081923203085,-0.058406846606321415,-0.004767772159402686,-0.640539406040433,0.1835156456479568,0.0035901868378919255
38,JP_gdp,1.2034,1.0008255657188174,-0.060906964452619776,0.030958079194670335,0.013152359894317766,0.22074908468251575,-0.0013781250377014288
38,BR_gdp,3.2536,2.956961651083533,0.04471470372538949,-0.003933705583447748,0.06535851257362521,-0.10945543891149845,0.29995427711239836
39,US_gdp,2.99,2.564347601146477,0.5810249600833285,-0.01223233526205629,-0.03691834362733084,-0.05133887909141492,-0.054883003249003394
39,UK_gdp,2.366,2.039634440868755,0.23386845958624655,0.11980509312678035,-0.031150786719615926,0.032196049551829746,-0.028353256413995526
39,DE_gdp,1.397,1.444307386881885,-0.06725101675199054,0.011228137189746206,-0.10203216999296674,0.08124007412834086,0.029507588544985367
39,JP_gdp,0.6247,1.000825243608742,0.003550151708698426,0.016993043842863223,-0.05459073380870032,-0.30417812677993217,-0.037899578571671054
39,BR_gdp,2.963,2.9569619663524396,0.021467436982095002,-0.0251001498596097,0.04711388293509382,-0.056758088025960475,0.019314951615942013
40,US_gdp,3.3116,2.564347299066437,0.7787375651711763,-0.004538653845821278,-0.15019776343184363,0.12267817866386553,0.00057337437618587
40,UK_gdp,2.4118,2.0396344050745103,0.3672827557125794,0.0915659456094719,0.021602811414699073,-0.12762869011023886,0.019342772298978
40,DE_gdp,0.9205,1.4443067647662935,-0.05583762242727026,-0.004335036915814999,-0.3368317084903728,-0.11732288015211467,-0.009479516780720792
40,JP_gdp,0.1781,1.0008249949549672,0.12018174194681161,0.02034633865823107,-0.08223367615219848,-0.8769923203614096,-0.004027079046401713
40,BR_gdp,3.1694,2.9569622096998525,-0.012929864179385896,-0.014152256132853706,0.10174710480492732,0.1046897536765221,0.033083052130937714
41,US_gdp,2.9298,2.5643470656976923,0.13600670477581245,0.00014972518983278943,-0.0270854179929147,0.2583322978724888,-0.0019503755429115014
41,UK_gdp,2.2944,2.039634377409773,0.23571774542346977,0.2604494975554059,-0.035301095478470663,-0.21848219615432624,0.012381671244147867
41,DE_gdp,0.3683,1.4443062842424148,0.021915777821286054,-0.008047814739591392,-0.758530571706947,-0.3360178055249509,0.004674129907788529
41,JP_gdp,0.752,1.0008248029603322,0.19964270862105812,0.0416585578862092,0.03902489275926373,-0.5287411833085348,-0.0004097789183284085
41,BR_gdp,3.1345,2.9569623975384296,-0.050722111259328115,-0.03581582028633116,0.06570040990392262,0.2469755361644158,-0.048600412061108836
42,US_gdp,2.8205,2.564346885439054,0.1127476017675975,-0.0008017975547350665,0.01923658315685751,0.11782573368419712,0.007144993507028721
42,UK_gdp,2.3559,2.039634355978743,0.18085837774400076,0.23066499811951277,-0.051995047788162954,-0.05640608188046685,0.013143397826373408
42,DE_gdp,0.7435,1.444305913073325,0.06415781317892251,-0.00923389456948269,-0.5624636639072681,-0.18949228746514626,-0.0037738803103501534
42,JP_gdp,1.1187,1.000824654672244,0.21171856689668955,0.07013645624780868,0.04188760658935892,-0.21489064457211143,0.009023360166010398
42,BR_gdp,2.9673,2.956962542568022,-0.08219316672766976,-0.053929166287983596,0.02189391982623506,0.22439434320696736,-0.09982847258557129
43,US_gdp,2.1792,2.564346746214771,-0.2802085554746753,-0.0035286298681830764,-0.08110644599063344,-0.038073619144819354,0.01777050426353996
43,UK_gdp,2.2501,2.0396343393696323,-0.006200280988165363,0.11227192383149658,-0.0007386618141867119,0.09901669679987513,0.00611598280134839
43,DE_gdp,1.6267,1.4443056263639147,0.09195138887678714,0.0025245498825886,0.18512013958703294,-0.09149186348521751,-0.005709841225105876
43,JP_gdp,0.9238,1.0008245401164344,0.12964423263347802,0.0770401346107626,-0.11317467486753685,-0.18518631257352988,0.014652080080391641
43,BR_gdp,3.3095,2.956962654580299,-0.09244326949986756,-0.06836734947630868,0.053223453790233514,0.17345527654252063,0.28666923406312306
44,US_gdp,1.5505,2.5643466386844267,-0.7235619517890123,-0.0039203160564296145,-0.18800873749385885,-0.04206082770779598,-0.05629480563733027
44,UK_gdp,1.5651,2.039634326508479,-0.2518468404236253,-0.32501606309983966,0.04309186368287501,0.08711819337114841,-0.027881480039037464
44,DE_gdp,1.5513,1.4443054048907336,0.09669485063297782,0.022869750939964413,0.04924870774304214,-0.09505446692902302,0.03323575272230502
44,JP_gdp,0.735,1.0008244516105598,0.041565318784076696,0.03208495537647387,-0.15111315551958976,-0.15741807631497975,-0.03094349393654088
44,BR_gdp,2.9,2.9569627411128883,-0.06083926793836301,-0.04276724616925857,0.11701014105011032,0.11444660897465175,-0.1848129770300288
45,US_gdp,2.452,2.564346555629675,-0.0894675110574328,0.00024504299873482905,-0.040569184500017445,-0.01833302358806359,0.03577812051710391
45,UK_gdp,2.0726,2.0396343165628585,-0.16869239977391065,0.1612401516115641,-0.025376118984398354,0.03717920674294241,0.028614843840944156
45,DE_gdp,1.2852,1.4443052338089615,0.039133975838264286,0.010661163387093229,-0.0940749392717116,-0.08700169995842312,-0.02782373380418449
45,JP_gdp,0.7138,1.0008243832310209,-0.0759664325712443,-0.01678175467281117,-0.04347175006333251,-0.17119679932519055,0.020392353401557622
45,BR_gdp,3.1834,2.9569628079694157,-0.02577874625307662,-0.0152769986536758,0.051569212551261095,0.06987248077346905,0.14605124361260635
46,US_gdp,2.5925,2.5643464914759595,0.04563557288409435,0.01159483237907043,-0.0052977923435651485,0.0008940986525203299,-0.024673203048079632
46,UK_gdp,2.3837,2.039634308880948,-0.11527346913303636,0.4908747235274043,-0.021584966051390785,0.004295353166067127,-0.014245950389992035
46,DE_gdp,1.3138,1.4443051016534907,-0.02267684667286971,-0.03133222078901196,-0.0053422166371155716,-0.094409940639606,0.023256123085112657
46,JP_gdp,0.8716,1.0008243304044708,-0.141536361615954,0.030313819462043118,-0.01846113473921698,0.014471807976119216,-0.014012461487462146
46,BR_gdp,2.8913,2.9569628596238466,0.017495754484358993,-0.013797476251890338,0.0045348535699040295,0.044339905366130826,-0.11823589679234978
47,US_gdp,2.8981,2.5643464419196533,0.3705550507788003,0.006760933877982484,-0.025883117788277708,-0.03713862461059511,0.019459315822436703
47,UK_gdp,2.7598,2.039634302951624,0.03778865309204591,0.6294005030313192,0.007585291254478045,0.0294841401154823,0.015907109555050418
47,DE_gdp,1.3978,1.4443049995682464,-0.06474597811392345,-0.034314231421954625,0.08547016801929368,-0.01641913316275125,-0.016495824888910812
47,JP_gdp,1.6398,1.0008242895966575,-0.07964213924294852,0.12754489006220868,-0.0338688651794013,0.6119249700892002,0.013016854674283403
47,BR_gdp,3.4261,2.9569628995300543,0.04703269094038825,-0.08281062281691565,0.011321056642407193,-0.05360609989349332,0.5472000755975591
48,US_gdp,2.4286,2.564346403638355,0.18474484356126267,-0.008686131380947428,-0.0253661410834535,-0.1848397332150487,-0.10159924152016851
48,UK_gdp,2.5712,2.039634298375781,0.0839049792905425,0.3355407184110893,0.009721513373090913,0.143062450770952,-0.0406639602214556
48,DE_gdp,1.701,1.4443049207118424,-0.03723220389634991,-0.006262862268574794,0.01686611360691115,0.22419578750184893,0.0591282443443223
48,JP_gdp,1.3132,1.0008242580751534,-0.006985947197200441,0.18047994219202615,-0.020547786016859464,0.21809586553731455,-0.05866633259043434
48,BR_gdp,2.7991,2.9569629303572693,0.04074248391500678,-0.14029946718490996,0.015750328324873792,-0.14858049903153045,0.07452422361929047
49,US_gdp,2.9296,2.5643463740666856,0.4578436085608115,-0.015388511038192026,0.005090435385512152,-0.06868556694815567,-0.013606340026661596
49,UK_gdp,2.3052,2.0396342948436925,0.21743394226438692,-0.007947178290854126,-0.00457509165901221,0.025672886577096,0.034981146264691225
49,DE_gdp,1.163,1.4443048597990824,-0.027342535820915805,0.026802790802734445,-0.3250307706968321,0.05551784435665076,-0.011252188440719716
49,JP_gdp,1.3107,1.0008242337275086,0.06369825969568034,0.1420559367502518,0.04428248701001918,0.06652606533605472,-0.0066869825195145565
49,BR_gdp,2.0551,2.9569629541693474,0.011327766163176467,-0.14280271708678405,0.006666630431247869,-0.09862859594208752,-0.6784260377349002
50,US_gdp,2.7331,2.5643463512233033,-0.049874865160693914,-0.0059626167025027535,0.05531927237010109,0.034596361892388884,0.13467549637740314
50,UK_gdp,1.751,2.039634292116252,0.10198876350192103,-0.36000157928608867,-0.027203124891756657,-0.07461626731539057,0.07119791587506274
50,DE_gdp,1.7353,1.4443048127470381,0.01958696758129745,0.039483459285844354,0.2723272093514962,0.023376369153871496,-0.06377881811954751
50,JP_gdp,1.3009,1.0008242149210758,0.09452382352054395,0.040028064743363526,-0.008469698065501092,0.09053459511256176,0.08345899976795601
50,BR_gdp,2.1183,2.956962972562022,-0.02061350607942782,-0.07705830775561981,-0.03293601672235176,-0.08261857228573513,-0.6254365697188872
51,US_gdp,2.4362,2.564346333577629,-0.16638545366085078,0.009942592736779145,-0.09854440721584817,0.01606911408328557,0.11077182047900509
51,UK_gdp,2.5524,2.0396342900094258,0.016337094652731404,0.4969430020032034,0.04595894219331107,-0.046459740593567236,-1.358826510453348e-05
51,DE_gdp,1.3254,1.4443047764016779,0.045305624011079314,-0.002739045560179458,-0.16883921561464046,0.040214208546971976,-0.0328463477849093
51,JP_gdp,1.5581,1.0008242003944923,0.10181938075553734,-0.004846444511130632,-0.03114183736172167,0.41845349178191427,0.07299120894090835
51,BR_gdp,2.5789,2.9569629867686684,-0.03719107621989622,-0.03411823724481287,0.04448693019034057,-0.08761519788145777,-0.2636254056128423
52,US_gdp,2.5317,2.5643463199471745,-0.07138983300662098,0.022289953217550448,0.05988534922137144,-0.08198665640961156,0.03855486703013592
52,UK_gdp,1.9581,2.0396342883816545,-0.013868182207795936,-0.02883584241303516,-0.034106798564719466,0.05341497841827131,-0.05813844361437546
52,DE_gdp,1.5623,1.444304748326634,0.04403487410135065,-0.025341209441627557,-0.07007047818373201,0.17606706292362928,-0.006694997726254283
52,JP_gdp,0.9415,1.0008241891735203,0.035123712715642214,0.04186507347153456,0.03441985177132879,-0.1924269332304181,0.02169410609839213
52,BR_gdp,2.6838,2.9569629977422065,-0.04482687249577503,-0.013340914664220846,-0.01116169948642247,-0.07380068467993184,-0.13003282641585606
53,US_gdp,2.4438,2.5643463094183674,-0.19668042484718448,0.0046599878779234214,-0.01601392854385669,0.064128225456634,0.023359830638116516
53,UK_gdp,1.5807,2.0396342871239392,-0.09209818533204932,-0.25094827423955396,0.002377564603643178,-0.06584714926035062,-0.05241824289562859
53,DE_gdp,1.354,1.4443047266399571,0.025342755185542708,0.01900567940906744,-0.044694614316156275,-0.07878385924636173,-0.011174687672049256
53,JP_gdp,1.3143,1.0008241805057865,-0.01261439693848716,0.021068158039272714,-0.0036454513560976137,0.31008888756625713,-0.001421377816731581
53,BR_gdp,2.269,2.956963006218634,-0.024915281149012498,-0.03015832654856509,-0.0007086132910924223,-0.016803247637657177,-0.6153775375923068
54,US_gdp,2.563,2.5643463012854286,-0.08260439117297069,-0.002757754527343266,-0.008401997501909748,-0.029465707579506267,0.12188354949630147
54,UK_gdp,1.7071,2.0396342861522054,-0.0865863677126749,-0.26644179450725824,0.0024776090513647527,0.014730578174137067,0.0032856888422259684
54,DE_gdp,2.0217,1.4443047098879689,0.0068648193916306935,0.021274218399150457,0.46453441771035575,0.14981049041185635,-0.065088655800962
54,JP_gdp,1.2464,1.0008241738102581,-0.034479111589979246,-0.043241760171086434,-0.07062497662926469,0.34319387707333876,0.05072779750673337
54,BR_gdp,2.4458,2.956963012766323,-0.0018706714531446494,0.01818921410221601,-0.0010586173915861947,-0.1142451212258001,-0.4121778167980082
55,US_gdp,2.5672,2.5643462950031535,0.08982638703375537,0.006811963042069674,-0.0898075336312227,-0.08429572277495737,0.08031861132720149
55,UK_gdp,1.6061,2.0396342854015064,-0.022926038954684404,-0.4815653590323865,0.03915265136288876,0.06532546053757853,-0.033520999314902655
55,DE_gdp,2.2066,1.4443046969477957,-0.012515879630694463,0.015062011599849306,0.6487645799351822,0.13987980299813535,-0.028895211850268412
55,JP_gdp,0.7394,1.0008241686381867,-0.05083232958661393,-0.09817760624040112,-0.13111639672076855,-0.01094790106599097,0.02965006497558796
55,BR_gdp,3.0188,2.9569630178241972,0.012441394890540311,0.0732792314779123,0.02558838095783119,-0.08329994268837307,0.03382791753789199
56,US_gdp,2.5544,2.564346290150399,-0.017819786824532464,0.009849079885754862,-0.028782389055868465,0.0368795079504758,-0.010072702106228992
56,UK_gdp,1.5831,2.0396342848216213,-0.023040953824715802,-0.3492305247898006,0.01948288183569965,-0.04226970560340753,-0.06147598243939711
56,DE_gdp,2.0197,1.4443046869520844,-0.01593555184084324,0.0078636614327534,0.575880408986618,0.003559307387529294,0.004027487081857944
56,JP_gdp,0.701,1.000824164642953,-0.033116134495442956,-0.13781071792787275,-0.07702504787049971,-0.03018999427273595,-0.021682270076401642
56,BR_gdp,3.1398,2.956963021731243,0.022164753285373477,0.10838931133276053,-0.000763900517122376,-0.032909160900967675,0.08595597506871334
57,US_gdp,2.6431,2.564346286401866,-0.012550614532304239,0.0102472282588636,0.03973637144997428,0.054561563274856915,-0.013240834853256127
57,UK_gdp,2.3486,2.0396342843737125,-0.005544148298627717,0.39678631078288534,0.005543592156457956,-0.05871429737070174,-0.029105741643726455
57,DE_gdp,2.502,1.444304679230842,-0.008243798277283805,-0.031064215289683846,1.0957559154846026,0.007750946663918528,-0.00650352781239575
57,JP_gdp,0.8196,1.000824161556803,-0.008422491545181366,-0.09308024732832675,-0.08977053617643853,0.035108584740116786,-0.025059471246973074
57,BR_gdp,2.8277,2.956963024749295,0.019682893289200646,0.09578964243352742,-0.06382938565481577,-0.02196106825437583,-0.15894510656283123
58,US_gdp,3.1062,2.5643462835062865,0.518194466179881,0.005938281682817039,-0.02952271276625029,0.011334538618250825,0.03590914277901497
58,UK_gdp,2.3952,2.0396342840277493,0.17096883999995394,0.11785306238969034,0.0630186855049473,-0.00787728011192654,0.011602408189585914
58,DE_gdp,1.9463,1.4443046732665334,-0.031739513650107715,-0.036115485058055556,0.568758485729063,0.029653194684568052,-0.028561354972001404
58,JP_gdp,1.3137,1.000824159172895,0.0037486628197441634,0.011848123538770676,-0.037086008043822574,0.32653332075060415,0.007831741761808573
58,BR_gdp,2.4756,2.9569630270806146,0.0017878315551503807,0.0420343173408928,-0.034302441441377576,-0.039714169819655774,-0.45116856471562444
59,US_gdp,3.2674,2.564346281269576,0.5479565635463184,-0.013827933354921664,0.15621186350386854,-0.07344716730440407,0.08616039233956278
59,UK_gdp,2.3583,2.039634283760525,0.24240125618668887,-0.0037154317853689417,-0.010463166025430192,0.0681313609136548,0.022311696949930522
59,DE_gdp,2.2214,1.444304668659377,-0.03895044741091123,0.005350235254638914,0.7123424961754465,0.1441582076539015,-0.0458051603324529
59,JP_gdp,1.4274,1.000824157331442,0.05369412427665722,0.04371008173531124,0.05232554966438607,0.23174417269528996,0.04510191429691345
59,BR_gdp,2.8245,2.9569630288814506,-0.015257647118185575,-0.023648466111698553,-0.11783089972191044,-0.09018164975045971,0.11445563382080355
60,US_gdp,2.7045,2.5643462795418146,0.16321581822941467,-0.017693109528421812,0.07088329569651461,-0.049476447086072704,-0.026775836853249354
60,UK_gdp,2.1836,2.039634283554113,0.17046199880918095,-0.05935010391118158,0.04045301251780073,0.037604272268371,-0.04520346323828378
60,DE_gdp,1.6069,1.4443046651005584,0.003693335026122272,0.015005794010792536,0.027055307192042185,0.09659361758484328,0.020247281085641274
60,JP_gdp,1.219,1.0008241559090094,0.13827311411792173,0.019096694826979694,0.10875517168127427,-0.030319322314975094,-0.017629814220209993
60,BR_gdp,2.9806,2.9569630302725094,-0.030121476859083136,-0.02207434177921587,-0.08798120987994595,-0.0696850107143968,0.2334990089601324
61,US_gdp,3.1835,2.564346278207196,0.4268637040799785,-0.005840645169573401,0.2013456869864413,0.044740086684120724,-0.047955110788163315
61,UK_gdp,2.6133,2.039634283394669,0.24144622067503968,0.43225134489535993,-0.021900387042954255,-0.051768978213900675,-0.02636248370821375
61,DE_gdp,1.3732,1.4443046623515348,0.02739858394490173,-0.008775101402615122,-0.0978953472239714,-0.002218341572125889,0.010385543902275998
61,JP_gdp,1.0234,1.0008241548102486,0.15901538714055438,0.025761353975547165,0.18261417250782777,-0.3113132718804801,-0.033501796553697775
61,BR_gdp,2.8013,2.9569630313470334,-0.059532246189406,-0.029684624546264048,-0.12284210169885484,-0.00023768962245881306,0.05663363070995035
62,US_gdp,3.1359,2.564346277176264,0.3576039613720869,0.003253343273697866,0.09996352696447006,0.1161097976060318,-0.005376906392550923
62,UK_gdp,2.224,2.0396342832715044,0.22159184670933377,0.047444243472236206,0.008815708532848519,-0.1047024333345048,0.011216351348581847
62,DE_gdp,1.1931,1.4443046602280394,0.03334035848252553,-0.013135746739913544,-0.1543571003604703,-0.1091716804419978,-0.007880491168183163
62,JP_gdp,1.3681,1.0008241539615066,0.14090294262913403,0.0652775749469048,0.12305140727861844,0.04796519063812485,-0.009921269454288652
62,BR_gdp,3.1254,2.956963032177051,-0.07887657747995402,-0.04032147892192015,-0.08160620561390106,0.045129079070743525,0.324112150767981
63,US_gdp,3.1099,2.5643462763799167,0.549778881195281,-0.004287851247312436,0.05705258115398292,0.0025356288697517618,-0.05952551635162011
63,UK_gdp,2.2872,2.039634283176364,0.2617124528947079,-0.025041298288868453,0.006780862367727728,0.009696477877257277,-0.0055827780271885605
63,DE_gdp,1.6234,1.4443046585877357,0.020754985131004107,0.014250213441869608,0.07675731275919681,0.03991524037736725,0.02741758970282653
63,JP_gdp,1.4806,1.000824153305892,0.16197825586767192,0.05035780000701416,0.04558312433476374,0.2576476915637569,-0.03579102507909873
63,BR_gdp,2.6991,2.956963032818201,-0.0846196481029737,-0.05684329846269122,-0.04019969519506137,-0.012361813743748697,-0.06383857731372607
64,US_gdp,2.56,2.5643462757647755,0.09319839697156786,-0.003463762984615954,-0.018736319746983896,-0.08700199191113275,0.011657401906389493
64,UK_gdp,2.8642,2.0396342831028704,0.1353437718065119,0.5432072951829475,0.017695563950561998,0.09092011542779511,0.03739897052931302
64,DE_gdp,1.8671,1.4443046573206764,0.055862474216961354,-0.009384277985529708,0.2884946912134284,0.10664610097439683,-0.0188236457399331
64,JP_gdp,1.2288,1.0008241527994592,0.16752489574343898,0.0540494450551145,-0.03695100796984528,0.03249882704374818,0.010853687328084342
64,BR_gdp,2.4643,2.956963033313461,-0.0842107386224446,-0.05712666316586885,-0.002523090439664087,-0.03613342972433315,-0.3126691113611499
65,US_gdp,2.2904,2.5643462752896062,-0.2985274537462588,0.004957144144908608,-0.029160753354531756,-0.01081675926676704,0.05960154693304293
65,UK_gdp,2.4956,2.0396342830461,-0.02748939064794165,0.4258664236229262,0.013639057635897244,0.012415973485097516,0.03153365285792107
65,DE_gdp,1.4032,1.44430465634193,0.0902010095407108,-0.02608316407250454,-0.09095989812922928,0.011397302052271402,-0.025659905733178407
65,JP_gdp,1.5081,1.0008241524082622,0.14642772701398893,0.1179277085782311,0.0021578391078435322,0.1989800659461475,0.04178250694552686
65,BR_gdp,2.7007,2.9569630336960264,-0.07268250261355218,-0.08162878479355351,0.01746660410287597,-0.04515718626519113,-0.07426116412660592
66,US_gdp,2.5001,2.56434627492256,-0.11319142392447348,-0.0035210750410376987,0.06975711989988871,-0.024530416316422516,0.007239520459485238
66,UK_gdp,2.4952,2.039634283002246,-0.05053313135409367,0.5440920991369235,-0.031251083612086276,0.009664720948087232,-0.01640688812107678
66,DE_gdp,1.3754,1.4443046555858927,0.07842476922166988,-0.009514728400072054,-0.23176289040947567,0.0884979328533812,0.005450261148603937
66,JP_gdp,1.4631,1.00082415210608,0.05440201017514115,0.16403933932669534,0.07255461924536027,0.16056983828466972,0.010710040862053547
66,BR_gdp,2.6986,2.956963033991542,-0.06272640771921217,-0.139616423476735,-0.026945703540523558,-0.0853195269054793,0.056245027650408126
67,US_gdp,2.724,2.5643462746390338,0.16893379657476926,-0.008096791967794002,0.038829811653368074,-0.025016459264036724,-0.014996631635339942
67,UK_gdp,2.0039,2.0396342829683727,-0.004414426967351763,-0.00491526180400545,-0.011044748325708304,0.008491691600253369,-0.02385153747156071
67,DE_gdp,1.3153,1.444304655001888,0.024104258261387703,0.013567214588689773,-0.23953656863856362,0.06629916006946146,0.006561280717136454
67,JP_gdp,1.4302,1.0008241518726582,-0.02001944659978533,0.15378136016632662,0.05601919303665825,0.2485487119923747,-0.008953970468232451
67,BR_gdp,2.1923,2.9569630342198137,-0.039640045547824555,-0.13854700721062096,-0.02133080087158102,-0.08300416949756738,-0.48214101109221985
68,US_gdp,2.3523,2.564346274420022,-0.2700174870208149,-0.006225975320540456,0.005145069256442966,-0.034391958577494726,0.09344407724238554
68,UK_gdp,2.1059,2.039634282942207,-0.12458244653103324,0.1506511252618838,0.000440177161890522,0.01481762545381608,0.024939235711236244
68,DE_gdp,1.2297,1.444304654550771,0.019203338265812893,0.024816535168568743,-0.31551815289122137,0.10797293573965407,-0.05107931083358527
68,JP_gdp,1.6521,1.0008241516923504,-0.02188621191124634,0.09074961132669361,0.03873396540770425,0.49449725662114585,0.04918122686335221
68,BR_gdp,2.8016,2.9569630343961433,-0.004195834557166374,-0.11778255555229107,0.00853016224934433,-0.12943449464399848,0.08751968810796841
69,US_gdp,2.027,2.5643462742508456,-0.43197795356981794,0.007181694303710081,-0.00031101419964969134,-0.09569909594689717,-0.016539904838190966
69,UK_gdp,2.0477,2.0396342829219942,-0.18839955218764023,0.19077752357621566,-0.011033965734747101,0.061103656339539125,-0.0443819449153618
69,DE_gdp,1.4379,1.4443046542023044,0.035739022762334365,0.0001649672568245132,-0.2731365309157861,0.2073325666617655,0.023495320032557325
69,JP_gdp,0.6902,1.0008241515530705,-0.02684321740019723,0.0623013036909951,0.021306003638861214,-0.35231000116587974,-0.015078240316849765
69,BR_gdp,3.0164,2.9569630345323503,0.01912425932510408,-0.07310360279507287,0.016991556139719154,-0.09796035039113171,0.19438510318903082
70,US_gdp,2.7936,2.564346274120165,0.16192988106770403,0.012684339548089943,-0.029263320610575218,0.12389420834462479,-0.03999138247000815
70,UK_gdp,1.7197,2.0396342829063814,-0.026707932157321982,-0.13655426781667301,-0.006756762758897702,-0.12449109640392822,-0.02542422376956067
70,DE_gdp,1.2935,1.4443046539331288,-0.00274619526224259,0.005823393188593867,-0.023942450229539787,-0.1396202605651253,0.009680858935185046
70,JP_gdp,0.9852,1.0008241514454832,-0.08175216390996516,0.04382095998998582,-0.032518261166233464,0.08489866020312327,-0.030073346562393723
70,BR_gdp,3.7423,2.956963034637564,0.020475471528504863,-0.04910728039806153,0.02548887509761847,0.01826410618000486,0.7702157929543695
71,US_gdp,2.8201,2.5643462740192198,0.4152757060858806,0.006830174835673969,-0.06988455378869475,0.04277420697767216,-0.1392418081297517
71,UK_gdp,1.9304,2.0396342828943212,0.09465451682204894,-0.12884779997090665,0.009137035135972192,-0.045560094563182926,-0.03861794031825299
71,DE_gdp,1.5991,1.444304653725203,-0.05201270549574893,0.015282536875529445,0.05824670997973298,0.0685351382114914,0.06474366670379211
71,JP_gdp,0.8567,1.000824151362377,-0.0739109829893789,-0.0013884719228132519,-0.06638825328196367,0.08623210951920414,-0.08866855268742536
71,BR_gdp,3.5054,2.9569630347188367,0.022989958911418418,-0.020847859579664438,0.044731384254758866,-0.035027870399494114,0.5365913520941444
72,US_gdp,2.7469,2.5643462739412444,0.3420788975740725,0.0081932341427075,-0.04259011684013967,-0.029471169427018478,-0.09565711939086585
72,UK_gdp,1.7003,2.0396342828850056,0.14282588276177763,-0.5501621711665464,-0.001899354459246318,0.034860104302272585,0.035041255676736896
72,DE_gdp,1.6603,1.44430465356459,-0.047862074637229544,0.019945145070501245,0.17675000349889788,0.04232733461482207,0.02483493788841839
72,JP_gdp,0.7115,1.0008241512981815,0.023143369114285762,-0.06203435115107871,-0.06356915001613497,-0.13050964306807614,-0.056354376177177354
72,BR_gdp,3.6563,2.9569630347816167,0.019602066678869306,0.04031737954107061,0.02952166987546556,0.013795866588102305,0.5960999825348755
73,US_gdp,2.2473,2.564346273881011,-0.22541420831397546,0.008861830856516865,-0.0364045120358399,0.041047747023879116,-0.10513713141159181
73,UK_gdp,2.0064,2.039634282877809,0.021859755239260457,-0.07977203902568081,0.004652082502480364,-0.02174431364609855,0.041770232052229746
73,DE_gdp,2.0017,1.4443046534405237,0.02087126357891693,0.0074679013087543,0.5252140341976789,-0.042277356736299454,0.04611950421042571
73,JP_gdp,0.8168,1.0008241512485931,0.08525168806173666,-0.10844878481111098,-0.095670484183869,-0.014770266061006728,-0.050386304254343046
73,BR_gdp,3.3792,2.9569630348301112,0.0026090418372946064,0.0729751480547336,0.008383967911984643,0.029107764755060828,0.30916104261081523
74,US_gdp,2.7639,2.564346273834484,0.2900435706453913,0.013473160221634332,-0.05977109667920885,0.015279856429682511,-0.059471764451983336
74,UK_gdp,2.5914,2.03963428287225,0.1400447632231071,0.32108863775743646,0.030294898066020485,-0.0053265460313410866,0.06566396411252723
74,DE_gdp,2.0177,1.444304653344688,0.019785105932676482,-0.03411774523561242,0.5594819783573518,0.007672443518372965,0.020573564082523223
74,JP_gdp,1.2412,1.0008241512102882,0.07449746873189556,-0.05578002581031043,-0.09886344317027103,0.33327329915806514,-0.012751450119667372
74,BR_gdp,2.6305,2.95696303486757,-0.026539515853004802,0.07114449680137835,0.011347963719208754,-0.02990435985190155,-0.35251161968325084
75,US_gdp,2.0669,2.5643462737985443,-0.4869785180119045,0.005481459329825195,0.007398098424220004,-0.08808053413331897,0.06473322059263412
75,UK_gdp,2.3552,2.0396342828679566,-0.10231948006067003,0.2386089321462301,0.013097360482513353,0.08143327565042036,0.08474562891354971
75,DE_gdp,1.964,1.4443046532706592,0.04849129093866354,-0.029862468006864613,0.39121158584973426,0.14000164659041842,-0.03014670864261093
75,JP_gdp,1.0352,1.0008241511806997,0.027343951775342806,0.036781429691716994,-0.026411954822019617,-0.06694548380001814,0.06360790597427814
75,BR_gdp,2.9163,2.956963034896506,-0.03081377366417557,0.007491453442811106,-0.02077482271556835,-0.05855155101164377,0.06198565905207067
76,US_gdp,2.2752,2.5643462737707825,-0.3362109606465881,-0.012258435406823042,0.06417968896041296,0.015325529462511953,-0.020182096140296417
76,UK_gdp,2.3307,2.0396342828646397,-0.15163947564234648,0.4632848341406265,0.001877062643319384,-0.014672933951485462,-0.007783770054753275
76,DE_gdp,1.6736,1.444304653213476,0.03840592793028987,-0.012502540005407129,0.20211060795509278,-0.03232418889508252,0.03360553980163087
76,JP_gdp,1.1335,1.0008241511578437,0.006642517184123706,0.09661563696038851,0.0423718026378049,-0.02398099690511373,0.011026888964952915
76,BR_gdp,3.5279,2.956963034918857,-0.013772662568923944,-0.06534724881740785,-0.05680429271829459,-0.004903616840490907,0.7117647860262597
77,US_gdp,1.8893,2.564346273749338,-0.6374854331583998,-0.0151206282096481,0.08227918648468564,0.0387963846743307,-0.1435157835403063
77,UK_gdp,1.8989,2.0396342828620777,-0.28462343643921884,0.23382280431113753,0.00401189884246266,-0.04172298262797984,-0.05222256694847898
77,DE_gdp,2.0671,1.444304653169304,0.04513886863966607,-0.0022187427882068645,0.5014092202578996,0.0025667657234505455,0.07589923499788667
77,JP_gdp,0.9684,1.0008241511401887,-0.09544755869117644,0.12607669183061715,0.017379746714186153,-0.007845890149093036,-0.07258714084472248
77,BR_gdp,3.6008,2.956963034936124,0.006396592567304351,-0.09709327661056408,-0.07661356877934584,-0.013975690474992709,0.8251229083614746
