date,observed,trend_s7,seasonal_s7,residual_s7,trend_s15,seasonal_s15,residual_s15,trend_s35,seasonal_s35,residual_s35
1959-01-01,314.590000,315.010643,-0.702136,0.281493,314.822999,-0.479421,0.246422,314.752586,-0.541687,0.379101
1959-02-01,315.030000,315.100538,-0.051644,-0.018893,314.924082,0.156310,-0.050392,314.852382,0.189729,-0.012112
1959-03-01,316.530000,315.192055,1.256997,0.080948,315.027222,1.324249,0.178529,314.956279,1.347876,0.225844
1959-04-01,318.160000,315.285151,2.563659,0.311190,315.132416,2.707795,0.319789,315.064160,2.774028,0.321812
1959-05-01,317.980000,315.379677,2.761493,-0.161170,315.239447,2.994974,-0.254421,315.175449,3.154061,-0.349510
1959-06-01,316.970000,315.475279,1.609456,-0.114735,315.347769,1.916600,-0.294369,315.288947,2.214582,-0.533530
1959-07-01,315.460000,315.571545,0.181776,-0.293322,315.456785,0.210006,-0.206791,315.403298,0.389488,-0.332786
1959-08-01,313.590000,315.668035,-1.871886,-0.206149,315.565957,-1.883546,-0.092411,315.517341,-1.757218,-0.170124
1959-09-01,312.590000,315.764362,-3.054678,-0.119684,315.674818,-3.026483,-0.058335,315.630941,-2.983904,-0.057037
1959-10-01,312.690000,315.860274,-3.087595,-0.082679,315.783464,-2.881057,-0.212407,315.753820,-2.847248,-0.216572
1959-11-01,314.440000,315.956279,-1.256053,-0.260226,315.896930,-1.318332,-0.138599,315.893391,-1.553333,0.099941
1959-12-01,315.690000,316.057079,-0.192171,-0.174908,316.020437,-0.219473,-0.110964,316.032683,-0.500665,0.157982
1960-01-01,315.950000,316.167383,-0.415109,0.197726,316.146115,-0.436337,0.240222,316.168819,-0.516404,0.297585
1960-02-01,317.010000,316.280851,0.217547,0.511602,316.271323,0.222480,0.516196,316.295781,0.217226,0.496993
1960-03-01,318.030000,316.395494,1.416540,0.217966,316.392584,1.379535,0.257881,316.411732,1.358178,0.260090
1960-04-01,319.010000,316.507905,2.751975,-0.249880,316.507764,2.769707,-0.267472,316.519348,2.780980,-0.290327
1960-05-01,319.820000,316.616476,3.049733,0.153791,316.616833,3.084938,0.118230,316.619162,3.177788,0.023050
1960-06-01,318.600000,316.721449,1.930703,-0.052153,316.720555,2.024988,-0.145543,316.712020,2.228365,-0.340385
1960-07-01,317.130000,316.824060,0.301783,0.004156,316.819773,0.260602,0.049624,316.800545,0.389735,-0.060279
1960-08-01,315.120000,316.926106,-1.813914,0.007807,316.916461,-1.847686,0.051225,316.891787,-1.761671,-0.010116
1960-09-01,313.940000,317.029984,-3.044611,-0.045373,317.015270,-3.010066,-0.065204,316.992012,-2.990681,-0.061331
1960-10-01,314.070000,317.139056,-2.993797,-0.075259,317.122063,-2.861229,-0.190835,317.105426,-2.849690,-0.185736
1960-11-01,315.890000,317.255433,-1.358274,-0.007159,317.241768,-1.381147,0.029379,317.232456,-1.558162,0.215705
1960-12-01,316.790000,317.378247,-0.296466,-0.291781,317.372178,-0.299761,-0.282417,317.369991,-0.503289,-0.076701
1961-01-01,317.030000,317.503304,-0.315300,-0.158004,317.505035,-0.439658,-0.035377,317.510587,-0.501031,0.020444
1961-02-01,317.810000,317.626382,0.307025,-0.123407,317.633623,0.240252,-0.063876,317.647338,0.234414,-0.071751
1961-03-01,319.170000,317.746841,1.406232,0.016926,317.756996,1.388455,0.024549,317.774114,1.358744,0.037142
1961-04-01,320.640000,317.866210,2.772972,0.000819,317.876976,2.785379,-0.022354,317.892118,2.778572,-0.030690
1961-05-01,321.290000,317.984139,3.165080,0.140781,317.996604,3.132307,0.161089,318.005942,3.192524,0.091534
1961-06-01,320.420000,318.099752,2.094377,0.225870,318.115418,2.092562,0.212020,318.119197,2.233635,0.067168
1961-07-01,319.040000,318.213100,0.285409,0.541492,318.230277,0.280874,0.528848,318.231713,0.382716,0.425570
1961-08-01,316.580000,318.325009,-1.860142,0.115133,318.340173,-1.837388,0.077215,318.341122,-1.772127,0.011004
1961-09-01,315.230000,318.435266,-3.103177,-0.102089,318.446406,-3.017044,-0.199362,318.444893,-3.002333,-0.212560
1961-10-01,315.350000,318.541896,-2.943276,-0.248620,318.549561,-2.863097,-0.336464,318.545074,-2.856087,-0.338987
1961-11-01,317.020000,318.643996,-1.498903,-0.125093,318.649331,-1.454648,-0.174684,318.644007,-1.565542,-0.058464
1961-12-01,318.440000,318.743087,-0.425496,0.122409,318.746502,-0.387070,0.080568,318.742040,-0.507668,0.205628
1962-01-01,318.600000,318.841650,-0.266197,0.024547,318.843665,-0.447910,0.204245,318.841227,-0.487045,0.245818
1962-02-01,319.100000,318.942492,0.338451,-0.180943,318.944604,0.253169,-0.097773,318.944855,0.250468,-0.095322
1962-03-01,320.100000,319.047780,1.383599,-0.331379,319.052781,1.394575,-0.347356,319.055201,1.359022,-0.314223
1962-04-01,321.920000,319.160192,2.823004,-0.063197,319.169402,2.797952,-0.047353,319.172204,2.776113,-0.028317
1962-05-01,322.720000,319.281088,3.268573,0.170340,319.294465,3.178707,0.246829,319.292022,3.207030,0.220949
1962-06-01,321.840000,319.409052,2.269428,0.161520,319.424324,2.157168,0.258508,319.414488,2.238354,0.187158
1962-07-01,319.580000,319.539378,0.290720,-0.250098,319.555173,0.303478,-0.278651,319.541016,0.375358,-0.336374
1962-08-01,317.800000,319.666665,-1.878249,0.011585,319.684495,-1.825435,-0.059060,319.672704,-1.782663,-0.090041
1962-09-01,316.710000,319.787896,-3.108916,0.031020,319.809679,-3.025373,-0.074305,319.807210,-3.013946,-0.083265
1962-10-01,317.070000,319.902548,-2.833994,0.001446,319.928102,-2.868676,0.010575,319.935891,-2.862487,-0.003404
1962-11-01,318.600000,320.010795,-1.586016,0.175221,320.036612,-1.525387,0.088775,320.051434,-1.572554,0.121120
1962-12-01,319.620000,320.113091,-0.467708,-0.025383,320.133942,-0.470909,-0.043033,320.153006,-0.511712,-0.021294
1963-01-01,320.130000,320.212103,-0.383331,0.301228,320.224425,-0.453159,0.358734,320.245741,-0.472966,0.357225
1963-02-01,320.810000,320.311317,0.281040,0.217643,320.316968,0.265519,0.227513,320.335733,0.266305,0.207962
1963-03-01,321.940000,320.413793,1.350548,0.175659,320.414981,1.399201,0.125819,320.427081,1.359539,0.153380
1963-04-01,323.480000,320.518572,2.877480,0.083948,320.516790,2.808847,0.154363,320.518804,2.773899,0.187297
1963-05-01,323.520000,320.622358,3.275388,-0.377746,320.617626,3.224832,-0.322458,320.611694,3.221418,-0.313112
1963-06-01,322.730000,320.723151,2.329169,-0.322320,320.715604,2.219696,-0.205300,320.703391,2.242614,-0.216005
1963-07-01,320.820000,320.822359,0.202676,-0.205036,320.811486,0.327337,-0.318822,320.793618,0.367645,-0.341263
1963-08-01,318.860000,320.923212,-1.922987,-0.140225,320.908638,-1.812478,-0.236161,320.886070,-1.793270,-0.232800
1963-09-01,317.840000,321.029105,-3.038004,-0.151102,321.012463,-3.035090,-0.137373,320.987527,-3.025505,-0.122023
1963-10-01,318.730000,321.142087,-2.752332,0.340244,321.127762,-2.876676,0.478915,321.106100,-2.868851,0.492752
1963-11-01,319.580000,321.262810,-1.688489,0.005679,321.255242,-1.593550,-0.081692,321.243398,-1.579311,-0.084087
1963-12-01,321.070000,321.391071,-0.596733,0.275662,321.390620,-0.550538,0.229918,321.391724,-0.515555,0.193831
1964-01-01,320.840000,321.523649,-0.498127,-0.185523,321.529775,-0.455410,-0.234365,321.540707,-0.458829,-0.241878
1964-02-01,321.810000,321.655122,0.339008,-0.184130,321.667279,0.277175,-0.134453,321.682656,0.281920,-0.154576
1964-03-01,323.150000,321.780182,1.412048,-0.042230,321.796268,1.401944,-0.048212,321.814284,1.360341,-0.024625
1964-04-01,324.790000,321.896846,2.920586,-0.027432,321.913132,2.819249,0.057619,321.932292,2.772004,0.085704
1964-05-01,325.540000,322.007549,3.290399,0.242052,322.019041,3.270143,0.250815,322.036833,3.235716,0.267451
1964-06-01,324.720000,322.116214,2.356136,0.247649,322.120432,2.280544,0.319025,322.133948,2.246494,0.339558
1964-07-01,322.490000,322.226050,0.256724,0.007226,322.224138,0.351208,-0.085347,322.231422,0.359590,-0.101012
1964-08-01,320.410000,322.338253,-1.891588,-0.036665,322.333262,-1.798894,-0.124368,322.331334,-1.803923,-0.117411
1964-09-01,319.640000,322.452402,-2.970874,0.158472,322.445112,-3.044606,0.239493,322.435206,-3.036977,0.241771
1964-10-01,319.780000,322.566690,-2.735891,-0.050799,322.557368,-2.883833,0.106465,322.541241,-2.875137,0.113896
1964-11-01,320.720000,322.679522,-1.781901,-0.177621,322.667830,-1.658674,-0.289156,322.649259,-1.585945,-0.343314
1964-12-01,321.740000,322.789698,-0.731827,-0.317871,322.776980,-0.624055,-0.412925,322.760317,-0.519346,-0.500972
1965-01-01,322.180000,322.898058,-0.642931,-0.075127,322.887576,-0.458176,-0.249400,322.876103,-0.444710,-0.251393
1965-02-01,323.440000,323.007682,0.330063,0.102255,323.001925,0.286388,0.151687,322.998905,0.297291,0.143803
1965-03-01,324.650000,323.121429,1.436688,0.091882,323.121236,1.402988,0.125776,323.127333,1.361471,0.161196
1965-04-01,326.280000,323.240498,2.885757,0.153745,323.244140,2.832085,0.203775,323.257646,2.770492,0.251862
1965-05-01,326.650000,323.364160,3.353325,-0.067484,323.368328,3.314331,-0.032659,323.387958,3.249966,0.012077
1965-06-01,325.820000,323.489887,2.460377,-0.130264,323.494251,2.341432,-0.015683,323.516168,2.250081,0.053751
1965-07-01,324.070000,323.615825,0.391817,0.062358,323.620988,0.376002,0.073010,323.638722,0.351248,0.080030
1965-08-01,321.940000,323.740982,-1.777125,-0.023856,323.744753,-1.781318,-0.023436,323.752085,-1.814567,0.002482
1965-09-01,320.980000,323.864018,-2.947451,0.063433,323.863478,-3.045885,0.162407,323.858502,-3.048319,0.169817
1965-10-01,321.020000,323.984896,-2.797688,-0.167208,323.979182,-2.881255,-0.077927,323.965645,-2.881341,-0.064304
1965-11-01,322.350000,324.104530,-1.863133,0.108603,324.095781,-1.714369,-0.031412,324.079586,-1.592588,-0.136998
1965-12-01,323.470000,324.224278,-0.857540,0.103262,324.215462,-0.683698,-0.061764,324.201196,-0.523254,-0.207942
1966-01-01,323.650000,324.344300,-0.642929,-0.051371,324.337000,-0.477968,-0.209032,324.328033,-0.430677,-0.247356
1966-02-01,324.890000,324.462553,0.279788,0.147659,324.458127,0.280907,0.150966,324.456527,0.312402,0.121071
1966-03-01,325.900000,324.576461,1.462110,-0.138571,324.575444,1.399012,-0.074456,324.584845,1.362971,-0.047817
1966-04-01,327.450000,324.684149,2.843773,-0.077921,324.686609,2.843749,-0.080358,324.708034,2.769410,-0.027444
1966-05-01,328.260000,324.786343,3.350771,0.122886,324.791297,3.342246,0.126457,324.821109,3.264192,0.174699
1966-06-01,327.420000,324.885578,2.474148,0.060274,324.891182,2.385473,0.143345,324.922889,2.253448,0.243663
1966-07-01,325.590000,324.983231,0.426723,0.180046,324.989637,0.395830,0.204533,325.014623,0.342703,0.232673
1966-08-01,323.470000,325.081002,-1.696481,0.085479,325.087508,-1.760496,0.142989,325.101257,-1.825122,0.193865
1966-09-01,322.190000,325.181571,-2.991692,0.000121,325.185801,-3.036757,0.040956,325.186112,-3.059496,0.063384
1966-10-01,322.540000,325.286838,-2.855575,0.108737,325.286712,-2.875201,0.128490,325.272978,-2.887481,0.154503
1966-11-01,323.420000,325.397278,-1.806203,-0.171075,325.391182,-1.760283,-0.210900,325.367215,-1.599349,-0.347866
1966-12-01,324.450000,325.511503,-0.840708,-0.220795,325.500156,-0.731638,-0.318517,325.469130,-0.527420,-0.491710
1967-01-01,324.870000,325.628085,-0.532438,-0.225647,325.612255,-0.484121,-0.258133,325.580705,-0.416778,-0.293926
1967-02-01,325.810000,325.745787,0.226314,-0.162101,325.727890,0.290113,-0.208003,325.703097,0.327220,-0.220317
1967-03-01,327.410000,325.866272,1.470628,0.073100,325.848694,1.387934,0.173373,325.835970,1.364870,0.209160
1967-04-01,328.650000,325.992522,2.850773,-0.193294,325.976727,2.820472,-0.147200,325.976674,2.768785,-0.095459
1967-05-01,329.360000,326.124783,3.350794,-0.115576,326.113806,3.350917,-0.104723,326.122906,3.278406,-0.041312
1967-06-01,328.990000,326.262634,2.398137,0.329230,326.257742,2.386746,0.345512,326.274227,2.256653,0.459120
1967-07-01,326.780000,326.404683,0.415409,-0.040091,326.406027,0.429798,-0.055825,326.425330,0.334044,0.020626
1967-08-01,325.070000,326.547532,-1.730244,0.252711,326.555070,-1.737132,0.252063,326.570408,-1.835494,0.335086
1967-09-01,323.540000,326.686253,-3.072429,-0.073824,326.699034,-3.038366,-0.120668,326.708084,-3.070490,-0.097594
1967-10-01,323.920000,326.816642,-2.885778,-0.010864,326.832411,-2.908491,-0.003920,326.837410,-2.893578,-0.023832
1967-11-01,325.080000,326.937908,-1.701217,-0.156691,326.953830,-1.782815,-0.091015,326.956245,-1.606311,-0.269934
1967-12-01,326.330000,327.052969,-0.798796,0.075827,327.065655,-0.732713,-0.002942,327.065233,-0.531950,-0.203283
1968-01-01,327.150000,327.167002,-0.454666,0.437663,327.173193,-0.466756,0.443563,327.167902,-0.403039,0.385137
1968-02-01,327.380000,327.285803,0.198000,-0.103803,327.282534,0.312765,-0.215300,327.273257,0.341697,-0.234953
1968-03-01,328.940000,327.411789,1.426996,0.101215,327.401361,1.380904,0.157735,327.389615,1.367190,0.183195
1968-04-01,330.500000,327.544676,2.840835,0.114489,327.532434,2.795333,0.172233,327.520905,2.768636,0.210459
1968-05-01,330.930000,327.682973,3.369514,-0.122487,327.671125,3.353049,-0.094175,327.664136,3.292597,-0.026734
1968-06-01,329.690000,327.824050,2.377252,-0.511301,327.812498,2.372215,-0.494713,327.809680,2.259723,-0.379404
1968-07-01,328.080000,327.967148,0.468249,-0.355396,327.953371,0.451777,-0.325148,327.951688,0.325356,-0.197044
1968-08-01,326.090000,328.111973,-1.699070,-0.322903,328.095893,-1.728638,-0.277254,328.090867,-1.845599,-0.155268
1968-09-01,325.190000,328.259306,-3.084947,0.015641,328.243611,-3.045072,-0.008539,328.234706,-3.081286,0.036581
1968-10-01,325.540000,328.410064,-2.958722,0.088658,328.399231,-2.944630,0.085399,328.389421,-2.899667,0.050246
1968-11-01,327.380000,328.563106,-1.719739,0.536633,328.562552,-1.782341,0.599789,328.554530,-1.613517,0.438987
1968-12-01,328.170000,328.715415,-0.799252,0.253837,328.727441,-0.712578,0.155137,328.728447,-0.536894,-0.021553
1969-01-01,328.230000,328.862816,-0.387500,-0.245316,328.887318,-0.425950,-0.231368,328.900051,-0.389463,-0.280588
1969-02-01,329.280000,329.002665,0.232552,0.044783,329.034821,0.338486,-0.093307,329.055511,0.355796,-0.131307
1969-03-01,330.530000,329.132305,1.331494,0.066201,329.164539,1.367352,-0.001890,329.187647,1.369928,-0.027575
1969-04-01,332.380000,329.251143,2.790060,0.338797,329.275619,2.775457,0.328924,329.298291,2.768971,0.312739
1969-05-01,333.020000,329.360800,3.399876,0.259323,329.374644,3.349864,0.295492,329.393374,3.306740,0.319885
1969-06-01,331.960000,329.463661,2.358308,0.138032,329.468892,2.349891,0.141216,329.483681,2.262638,0.213681
1969-07-01,330.300000,329.561787,0.537188,0.201025,329.562289,0.446213,0.291499,329.576090,0.316735,0.407175
1969-08-01,327.680000,329.658047,-1.629315,-0.348732,329.655649,-1.746466,-0.229183,329.668547,-1.855366,-0.133181
1969-09-01,326.460000,329.755646,-3.066370,-0.229276,329.748973,-3.067184,-0.221789,329.753338,-3.091861,-0.201477
1969-10-01,326.660000,329.858402,-3.032655,-0.165747,329.842684,-2.964832,-0.217852,329.831044,-2.905795,-0.265250
1969-11-01,328.130000,329.970358,-1.797460,-0.042898,329.942874,-1.751776,-0.061097,329.912543,-1.620968,-0.161574
1969-12-01,329.040000,330.094445,-0.735012,-0.319433,330.060367,-0.675312,-0.345055,330.013713,-0.542253,-0.431460
1970-01-01,329.980000,330.231016,-0.399594,0.148578,330.200216,-0.377092,0.156876,330.148713,-0.376068,0.207355
1970-02-01,330.770000,330.376197,0.329630,0.064173,330.358098,0.371226,0.040676,330.317670,0.369501,0.082828
1970-03-01,331.530000,330.525049,1.268972,-0.264021,330.522116,1.349213,-0.341329,330.505451,1.373040,-0.348491
1970-04-01,332.980000,330.672079,2.712871,-0.404951,330.682227,2.757207,-0.459434,330.690378,2.769760,-0.480138
1970-05-01,334.020000,330.813416,3.421447,-0.214863,330.832399,3.341802,-0.154201,330.857681,3.320786,-0.158467
1970-06-01,333.420000,330.948218,2.381254,0.090528,330.970620,2.323247,0.126132,331.004809,2.265369,0.149822
1970-07-01,331.960000,331.078390,0.606388,0.275222,331.100304,0.421241,0.438455,331.136628,0.308310,0.515062
1970-08-01,330.480000,331.208712,-1.643856,0.915145,331.227069,-1.785104,1.038035,331.260163,-1.864707,1.084544
1970-09-01,328.800000,331.341956,-3.107909,0.565953,331.355984,-3.096631,0.540647,331.381505,-3.102183,0.520678
1970-10-01,328.490000,331.475629,-3.097228,0.111600,331.486914,-2.960252,-0.036662,331.503966,-2.912017,-0.101950
1970-11-01,329.250000,331.603861,-1.856985,-0.496877,331.614565,-1.707010,-0.657555,331.620869,-1.628657,-0.742212
1970-12-01,330.900000,331.721055,-0.620456,-0.200599,331.729460,-0.625610,-0.203850,331.722846,-0.547961,-0.274884
1971-01-01,331.200000,331.824571,-0.335764,-0.288807,331.825298,-0.342365,-0.282932,331.808107,-0.362860,-0.245247
1971-02-01,332.120000,331.916923,0.452421,-0.249344,331.905635,0.408611,-0.194247,331.882941,0.382819,-0.145760
1971-03-01,333.260000,332.006391,1.271369,-0.017760,331.983063,1.329583,-0.052646,331.960438,1.376457,-0.076895
1971-04-01,334.860000,332.103083,2.621444,0.135473,332.073820,2.734471,0.051709,332.055724,2.770912,0.033365
1971-05-01,335.920000,332.215332,3.319553,0.385115,332.189133,3.331112,0.399756,332.178665,3.334634,0.406700
1971-06-01,334.910000,332.346036,2.293716,0.270248,332.330510,2.300222,0.279268,332.324974,2.267846,0.317180
1971-07-01,332.820000,332.490436,0.537753,-0.208189,332.487339,0.395702,-0.063041,332.484152,0.300193,0.035655
1971-08-01,330.560000,332.637757,-1.679877,-0.397880,332.644664,-1.833087,-0.251577,332.644658,-1.873525,-0.211134
1971-09-01,329.120000,332.779467,-3.047470,-0.611997,332.791669,-3.121612,-0.550057,332.797108,-3.112206,-0.564902
1971-10-01,329.690000,332.914496,-3.076353,-0.148144,332.926303,-2.947696,-0.288607,332.933880,-2.918374,-0.325506
1971-11-01,331.290000,333.046385,-1.828494,0.072109,333.053471,-1.667794,-0.095677,333.056724,-1.636507,-0.130217
1971-12-01,333.090000,333.179434,-0.504836,0.415401,333.180375,-0.570904,0.480529,333.178347,-0.553826,0.465479
1972-01-01,333.290000,333.317129,-0.255829,0.228699,333.314347,-0.322591,0.298244,333.310474,-0.349839,0.329365
1972-02-01,334.310000,333.461995,0.503681,0.344323,333.457975,0.454760,0.397265,333.458033,0.395768,0.456199
1972-03-01,335.100000,333.613210,1.312386,0.174404,333.610067,1.315354,0.174579,333.614148,1.380096,0.105755
1972-04-01,336.230000,333.766035,2.692873,-0.228909,333.764004,2.708053,-0.242057,333.768348,2.772305,-0.310654
1972-05-01,336.800000,333.913389,3.281644,-0.395033,333.911463,3.317128,-0.428591,333.911881,3.348133,-0.460014
1972-06-01,335.930000,334.050467,2.206484,-0.326950,334.047264,2.285259,-0.402523,334.042138,2.269919,-0.382057
1972-07-01,334.860000,334.177935,0.320505,0.361560,334.172648,0.373372,0.313980,334.164875,0.292459,0.402666
1972-08-01,332.370000,334.299781,-1.911110,-0.018671,334.295199,-1.886480,-0.038719,334.289207,-1.881807,-0.037401
1972-09-01,331.530000,334.419854,-3.106060,0.216206,334.420828,-3.146521,0.255693,334.422282,-3.121899,0.229617
1972-10-01,331.460000,334.539986,-2.995400,-0.084586,334.550073,-2.938666,-0.151407,334.562386,-2.924879,-0.177506
1972-11-01,333.230000,334.662461,-1.650464,0.218004,334.678152,-1.631134,0.182982,334.700685,-1.644252,0.173567
1972-12-01,334.390000,334.789559,-0.433750,0.034191,334.803507,-0.508091,0.094583,334.826401,-0.559457,0.123055
1973-01-01,334.670000,334.920913,-0.189266,-0.061647,334.927420,-0.311923,0.054503,334.937965,-0.336980,0.069014
1973-02-01,335.500000,335.052927,0.571778,-0.124705,335.050800,0.500588,-0.051389,335.045122,0.408379,0.046499
1973-03-01,336.480000,335.183138,1.327500,-0.030638,335.174708,1.303735,0.001557,335.158655,1.383828,-0.062483
1973-04-01,338.220000,335.313408,2.748063,0.158529,335.301856,2.676985,0.241158,335.283050,2.773747,0.163203
1973-05-01,338.700000,335.446687,3.260900,-0.007587,335.435812,3.305510,-0.041322,335.415689,3.361012,-0.076702
1973-06-01,337.490000,335.584827,2.192210,-0.287037,335.574987,2.284882,-0.369869,335.556032,2.271283,-0.337315
1973-07-01,335.400000,335.727941,0.210242,-0.538183,335.717963,0.347774,-0.665737,335.702094,0.285148,-0.587242
1973-08-01,333.830000,335.876836,-2.075129,0.028293,335.865503,-1.934328,-0.101174,335.853762,-1.889567,-0.134195
1973-09-01,333.280000,336.032920,-3.176629,0.423709,336.020562,-3.170896,0.430334,336.012815,-3.131155,0.398340
1973-10-01,333.430000,336.195715,-2.862415,0.096699,336.184809,-2.930776,0.175967,336.180751,-2.931453,0.180702
1973-11-01,334.650000,336.360333,-1.469825,-0.240508,336.355373,-1.601355,-0.104019,336.358251,-1.651322,-0.056929
1973-12-01,335.890000,336.520848,-0.451540,-0.179308,336.525633,-0.452309,-0.183324,336.539849,-0.564175,-0.085674
1974-01-01,336.660000,336.675556,-0.252585,0.237029,336.689062,-0.302785,0.273723,336.713856,-0.324263,0.270406
1974-02-01,337.330000,336.825811,0.576126,-0.071938,336.843996,0.532185,-0.046181,336.868065,0.420604,0.041331
1974-03-01,338.240000,336.971364,1.292952,-0.024316,336.990052,1.295566,-0.045618,337.002592,1.387425,-0.150017
1974-04-01,340.090000,337.111085,2.720950,0.257965,337.126763,2.649415,0.313822,337.128014,2.774933,0.187053
1974-05-01,340.680000,337.245916,3.278658,0.155426,337.257087,3.307596,0.115317,337.254493,3.372857,0.052650
1974-06-01,340.070000,337.377880,2.225474,0.466646,337.386993,2.291092,0.391915,337.384922,2.271369,0.413709
1974-07-01,337.830000,337.508661,0.166023,0.155316,337.517112,0.303927,0.008962,337.517065,0.278189,0.034747
1974-08-01,335.340000,337.637263,-2.088554,-0.208709,337.642503,-1.972391,-0.330112,337.644709,-1.896851,-0.407858
1974-09-01,333.960000,337.760281,-3.185287,-0.614994,337.760593,-3.180549,-0.620043,337.763825,-3.139801,-0.664023
1974-10-01,335.100000,337.876812,-2.746778,-0.030034,337.872719,-2.922768,0.150049,337.876210,-2.937871,0.161661
1974-11-01,336.840000,337.990397,-1.453604,0.303207,337.982847,-1.578404,0.435556,337.985162,-1.656589,0.511427
1974-12-01,337.590000,338.105452,-0.454548,-0.060904,338.094423,-0.417928,-0.086495,338.095446,-0.566694,0.061248
1975-01-01,337.800000,338.224687,-0.339031,-0.085656,338.212035,-0.285655,-0.126380,338.212030,-0.311641,-0.100388
1975-02-01,339.130000,338.349828,0.573160,0.207012,338.340155,0.544117,0.245728,338.337609,0.432180,0.360211
1975-03-01,339.730000,338.480810,1.301914,-0.052725,338.477676,1.292619,-0.040294,338.472848,1.390559,-0.133407
1975-04-01,341.050000,338.613634,2.659666,-0.223299,338.618679,2.642150,-0.210829,338.610409,2.775305,-0.335714
1975-05-01,342.110000,338.743516,3.276524,0.089960,338.753020,3.326685,0.030295,338.743136,3.382799,-0.015935
1975-06-01,341.040000,338.866695,2.291565,-0.118260,338.875852,2.295132,-0.130983,338.868237,2.268771,-0.097008
1975-07-01,339.130000,338.982146,0.241044,-0.093190,338.990081,0.248347,-0.108428,338.990026,0.271093,-0.131119
1975-08-01,337.140000,339.092332,-2.124677,0.172345,339.101362,-2.010490,0.049127,339.109604,-1.904042,-0.065562
1975-09-01,336.160000,339.202219,-3.277685,0.235466,339.211153,-3.183871,0.132718,339.224306,-3.147903,0.083597
1975-10-01,336.880000,339.315280,-2.779330,0.344051,339.320175,-2.913740,0.473565,339.335162,-2.944105,0.488944
1975-11-01,338.030000,339.432111,-1.435580,0.033468,339.432750,-1.554107,0.151357,339.446465,-1.658252,0.241787
1975-12-01,339.290000,339.552747,-0.351365,0.088617,339.550202,-0.410847,0.150645,339.558961,-0.565002,0.296041
1976-01-01,338.960000,339.675139,-0.357070,-0.358069,339.669798,-0.273004,-0.436794,339.671139,-0.298520,-0.412619
1976-02-01,340.120000,339.795656,0.612083,-0.287739,339.788299,0.542064,-0.210363,339.782380,0.442955,-0.105335
1976-03-01,341.190000,339.914193,1.327417,-0.051610,339.904820,1.296937,-0.011757,339.891604,1.393276,-0.094880
1976-04-01,342.530000,340.034854,2.572877,-0.077732,340.021717,2.654380,-0.146097,340.000824,2.774275,-0.245099
1976-05-01,343.230000,340.162296,3.243859,-0.176155,340.144965,3.357849,-0.272814,340.117927,3.389475,-0.277402
1976-06-01,342.490000,340.300830,2.314222,-0.125052,340.281714,2.299465,-0.091179,340.252806,2.260685,-0.023491
1976-07-01,340.970000,340.452250,0.292989,0.224761,340.435789,0.200010,0.334201,340.411933,0.261968,0.296099
1976-08-01,338.510000,340.614340,-2.115162,0.010822,340.604488,-2.036942,-0.057546,340.590733,-1.913008,-0.167725
1976-09-01,337.590000,340.782378,-3.301531,0.109153,340.779247,-3.190126,0.000878,340.777000,-3.157019,-0.029980
1976-10-01,337.870000,340.950799,-2.860993,-0.219805,340.952838,-2.903205,-0.179633,340.959109,-2.951869,-0.137240
1976-11-01,339.290000,341.114859,-1.436561,-0.388297,341.120709,-1.534977,-0.295731,341.133948,-1.655890,-0.188059
1976-12-01,340.890000,341.272343,-0.250313,-0.132029,341.281824,-0.425048,0.033224,341.299643,-0.558734,0.149091
1977-01-01,341.370000,341.425514,-0.352491,0.296976,341.436702,-0.273199,0.206497,341.454505,-0.290298,0.205793
1977-02-01,342.490000,341.579655,0.564934,0.345411,341.587283,0.523516,0.379201,341.601433,0.451198,0.437369
1977-03-01,343.340000,341.738011,1.289476,0.312513,341.739984,1.309523,0.290493,341.747222,1.404028,0.188750
1977-04-01,344.550000,341.899805,2.535673,0.114522,341.900168,2.674427,-0.024595,341.899185,2.782738,-0.131923
1977-05-01,345.230000,342.061670,3.307234,-0.138904,342.064878,3.395954,-0.230832,342.057722,3.391083,-0.218805
1977-06-01,344.470000,342.219033,2.367751,-0.116785,342.225154,2.298951,-0.054106,342.216766,2.251224,0.002009
1977-07-01,342.530000,342.367603,0.262802,-0.100406,342.373673,0.172351,-0.016024,342.368260,0.252790,-0.091050
1977-08-01,340.200000,342.505658,-2.033951,-0.271707,342.507798,-2.034294,-0.273505,342.507063,-1.922124,-0.384939
1977-09-01,339.280000,342.635051,-3.239242,-0.115810,342.631699,-3.200071,-0.151628,342.635342,-3.164444,-0.190897
1977-10-01,339.750000,342.760149,-2.970986,-0.039164,342.755057,-2.902591,-0.102466,342.761080,-2.958764,-0.052317
1977-11-01,341.900000,342.885244,-1.554594,0.569350,342.884086,-1.536514,0.552429,342.893424,-1.657279,0.663855
1977-12-01,343.190000,343.010947,-0.314634,0.493687,343.018747,-0.445447,0.616700,343.032307,-0.556105,0.713798
1978-01-01,342.870000,343.135443,-0.261493,-0.003950,343.151852,-0.279417,-0.002435,343.170394,-0.283329,-0.017065
1978-02-01,343.610000,343.255059,0.521592,-0.166651,343.275883,0.494589,-0.160472,343.297165,0.459136,-0.146301
1978-03-01,344.400000,343.366445,1.249991,-0.216436,343.386590,1.333490,-0.320080,343.406705,1.416052,-0.422757
1978-04-01,346.010000,343.468765,2.568732,-0.027497,343.483989,2.700883,-0.174872,343.496212,2.792815,-0.279026
1978-05-01,347.000000,343.564614,3.465249,-0.029863,343.571121,3.442634,-0.013755,343.570228,3.392685,0.037086
1978-06-01,346.470000,343.657354,2.394610,0.418036,343.654127,2.284656,0.531217,343.641808,2.243690,0.584502
1978-07-01,344.070000,343.751141,0.159119,0.159739,343.740181,0.156276,0.173542,343.725422,0.243367,0.101210
1978-08-01,341.950000,343.852010,-1.974854,0.072844,343.835665,-2.016044,0.130379,343.825964,-1.931909,0.055945
1978-09-01,340.310000,343.963178,-3.135862,-0.517316,343.946414,-3.212648,-0.423766,343.938003,-3.171505,-0.456498
1978-10-01,341.050000,344.085047,-3.032344,-0.002704,344.069419,-2.916395,-0.103024,344.057350,-2.963532,-0.043819
1978-11-01,342.350000,344.217875,-1.623589,-0.244286,344.198622,-1.557978,-0.290643,344.181461,-1.658540,-0.172922
1978-12-01,343.670000,344.362760,-0.443642,-0.249119,344.336036,-0.461558,-0.204478,344.310074,-0.552566,-0.087508
1979-01-01,344.070000,344.518990,-0.195177,-0.253814,344.488800,-0.269943,-0.148857,344.454317,-0.278428,-0.105890
1979-02-01,345.170000,344.684703,0.463829,0.021467,344.658935,0.463652,0.047412,344.627040,0.465267,0.077693
1979-03-01,345.950000,344.859011,1.241638,-0.150650,344.843289,1.367971,-0.261261,344.824816,1.428112,-0.302928
1979-04-01,347.400000,345.041609,2.669412,-0.311022,345.036749,2.730196,-0.366945,345.031764,2.803064,-0.434828
1979-05-01,349.120000,345.229873,3.578845,0.311282,345.234032,3.483375,0.402593,345.236819,3.393824,0.489356
1979-06-01,347.590000,345.419509,2.393282,-0.222791,345.429533,2.250357,-0.089890,345.437753,2.238058,-0.085811
1979-07-01,345.430000,345.607105,0.082287,-0.259392,345.619167,0.139151,-0.328319,345.632796,0.233352,-0.436149
1979-08-01,344.250000,345.790523,-1.961351,0.420828,345.803711,-1.991886,0.438174,345.819983,-1.941483,0.371500
1979-09-01,343.760000,345.969918,-3.117536,0.907617,345.983881,-3.214518,0.990637,346.001658,-3.177942,0.936283
1979-10-01,343.150000,346.143776,-2.992621,-0.001155,346.159344,-2.935033,-0.074311,346.178589,-2.965775,-0.062815
1979-11-01,344.420000,346.308363,-1.661392,-0.226972,346.326546,-1.586901,-0.319646,346.346249,-1.660258,-0.265991
1979-12-01,345.780000,346.460923,-0.590078,-0.090845,346.479869,-0.481554,-0.218315,346.498072,-0.548683,-0.169390
1980-01-01,346.720000,346.600887,-0.216818,0.335931,346.616430,-0.238004,0.341574,346.631906,-0.275659,0.363753
1980-02-01,346.990000,346.729255,0.424289,-0.163544,346.739010,0.436790,-0.185800,346.750808,0.468775,-0.229583
1980-03-01,348.170000,346.848714,1.344775,-0.023489,346.852720,1.403652,-0.086372,346.856488,1.440415,-0.126903
1980-04-01,349.990000,346.964264,2.792523,0.233213,346.961064,2.763109,0.265827,346.958221,2.813224,0.218555
1980-05-01,350.680000,347.081471,3.605513,-0.006984,347.072019,3.512376,0.095605,347.067967,3.395016,0.217018
1980-06-01,349.530000,347.206172,2.274502,0.049327,347.194937,2.204726,0.130336,347.189238,2.234472,0.106291
1980-07-01,347.520000,347.341340,0.035541,0.143120,347.330566,0.116017,0.073418,347.318106,0.223319,-0.021426
1980-08-01,345.150000,347.483805,-1.954644,-0.379161,347.472574,-1.972434,-0.350140,347.454024,-1.949585,-0.354439
1980-09-01,344.210000,347.628398,-3.124545,-0.293853,347.617299,-3.205872,-0.201427,347.598383,-3.183278,-0.205105
1980-10-01,344.630000,347.773323,-2.940726,-0.202597,347.765129,-2.953008,-0.182122,347.750124,-2.965658,-0.154466
1980-11-01,346.230000,347.919629,-1.615189,-0.074440,347.915358,-1.614013,-0.071345,347.905006,-1.662935,-0.012071
1980-12-01,347.280000,348.068793,-0.624979,-0.163814,348.066324,-0.511829,-0.274495,348.061965,-0.545308,-0.236657
1981-01-01,347.980000,348.223422,-0.250714,0.007292,348.220261,-0.191158,-0.049103,348.222788,-0.279990,0.037202
1981-02-01,349.130000,348.387400,0.359696,0.382904,348.383092,0.423185,0.323723,348.388254,0.461173,0.280573
1981-03-01,350.190000,348.561094,1.477079,0.151827,348.557716,1.433402,0.198882,348.561221,1.453300,0.175479
1981-04-01,351.720000,348.739204,2.930989,0.049807,348.740798,2.800197,0.179005,348.742070,2.822188,0.155742
1981-05-01,352.310000,348.915085,3.605678,-0.210763,348.922604,3.521021,-0.133625,348.925075,3.395080,-0.010155
1981-06-01,351.340000,349.083948,2.136408,0.119643,349.093809,2.162804,0.083387,349.101084,2.237325,0.001591
1981-07-01,349.110000,349.243191,0.073282,-0.206473,349.253038,0.103906,-0.246944,349.261950,0.218006,-0.369956
1981-08-01,347.340000,349.393190,-1.972301,-0.080889,349.402211,-1.956512,-0.105699,349.408159,-1.951022,-0.117137
1981-09-01,346.160000,349.535962,-3.253622,-0.122340,349.543910,-3.199796,-0.184115,349.546230,-3.186552,-0.199678
1981-10-01,347.160000,349.675351,-2.946869,0.431519,349.680775,-2.970872,0.450097,349.684586,-2.961447,0.436861
1981-11-01,348.690000,349.815027,-1.594965,0.469937,349.818707,-1.633653,0.504946,349.826032,-1.669541,0.533509
1981-12-01,349.590000,349.955988,-0.593491,0.227503,349.960607,-0.551811,0.181204,349.970512,-0.542313,0.161801
1982-01-01,349.590000,350.095940,-0.261902,-0.244037,350.102147,-0.161145,-0.351002,350.115047,-0.284126,-0.240921
1982-02-01,350.190000,350.231451,0.337209,-0.378660,350.237759,0.424895,-0.472654,350.251722,0.448106,-0.509827
1982-03-01,351.980000,350.360815,1.561368,0.057817,350.365207,1.467915,0.146878,350.375037,1.463409,0.141554
1982-04-01,353.470000,350.484440,2.975431,0.010129,350.486057,2.843611,0.140332,350.486915,2.828120,0.154965
1982-05-01,354.200000,350.604809,3.618178,-0.022986,350.602340,3.501807,0.095853,350.595293,3.397303,0.207403
1982-06-01,352.630000,350.724009,2.031415,-0.125424,350.718817,2.128245,-0.217062,350.708621,2.241012,-0.319633
1982-07-01,351.170000,350.846170,0.061686,0.262144,350.840754,0.110368,0.218877,350.832989,0.211650,0.125361
1982-08-01,349.260000,350.976095,-1.922823,0.206728,350.972906,-1.939030,0.226124,350.967170,-1.952461,0.245291
1982-09-01,347.680000,351.114742,-3.294211,-0.140531,351.114524,-3.188512,-0.246012,351.106546,-3.189072,-0.237473
1982-10-01,348.060000,351.258335,-2.906561,-0.291774,351.257820,-2.990064,-0.207756,351.248630,-2.954007,-0.234624
1982-11-01,349.720000,351.402286,-1.636910,-0.045377,351.397433,-1.654867,-0.022567,351.390284,-1.671132,0.000848
1982-12-01,350.960000,351.544730,-0.568517,-0.016213,351.534980,-0.589769,0.014788,351.532536,-0.531386,-0.041150
1983-01-01,351.340000,351.685686,-0.187136,-0.158549,351.674769,-0.166796,-0.167972,351.676130,-0.289884,-0.046246
1983-02-01,352.260000,351.824836,0.300598,0.134566,351.816824,0.435535,0.007642,351.821324,0.430854,0.007822
1983-03-01,353.440000,351.962706,1.599931,-0.122637,351.958232,1.512687,-0.030919,351.966662,1.471126,0.002212
1983-04-01,355.090000,352.101657,2.926954,0.061389,352.099808,2.891307,0.098885,352.110514,2.832231,0.147255
1983-05-01,356.220000,352.243707,3.589864,0.386429,352.245724,3.460784,0.513492,352.252524,3.399867,0.567609
1983-06-01,354.260000,352.390345,1.942640,-0.072986,352.394729,2.109502,-0.244231,352.394722,2.243789,-0.378510
1983-07-01,352.540000,352.540029,0.050750,-0.050779,352.544231,0.137354,-0.141585,352.537388,0.204013,-0.201401
1983-08-01,350.780000,352.690566,-1.900555,-0.010010,352.693922,-1.925390,0.011468,352.682925,-1.954723,0.051799
1983-09-01,349.770000,352.841631,-3.236385,0.164754,352.844163,-3.180123,0.105960,352.831799,-3.191453,0.129654
1983-10-01,349.990000,352.993559,-2.922848,-0.080712,352.993874,-3.013263,0.009389,352.983208,-2.945452,-0.047756
1983-11-01,350.950000,353.147220,-1.674651,-0.522568,353.142407,-1.684172,-0.508235,353.135228,-1.670050,-0.515178
1983-12-01,352.610000,353.304288,-0.561770,-0.132518,353.293195,-0.617028,-0.066167,353.288359,-0.516177,-0.162182
1984-01-01,353.680000,353.468339,-0.030103,0.241763,353.451385,-0.193389,0.422004,353.448522,-0.296809,0.528287
1984-02-01,353.840000,353.641685,0.397144,-0.198829,353.622348,0.453750,-0.236099,353.619059,0.411379,-0.190438
1984-03-01,355.490000,353.824358,1.565272,0.100370,353.806436,1.563083,0.120481,353.799023,1.477729,0.213248
1984-04-01,356.850000,354.014002,2.859859,-0.023861,353.999186,2.933410,-0.082596,353.990230,2.835723,0.024047
1984-05-01,357.550000,354.206730,3.482290,-0.139020,354.198195,3.414119,-0.062314,354.190208,3.402375,-0.042583
1984-06-01,356.320000,354.399990,1.935148,-0.015138,354.400121,2.113855,-0.193977,354.393563,2.245777,-0.319340
1984-07-01,354.420000,354.591124,0.102359,-0.273484,354.599492,0.171182,-0.350674,354.593257,0.195781,-0.369038
1984-08-01,352.950000,354.777410,-1.955040,0.127630,354.790419,-1.925143,0.084724,354.786476,-1.957448,0.120971
1984-09-01,351.800000,354.956834,-3.201577,0.044743,354.971377,-3.184594,0.013217,354.975590,-3.193727,0.018137
1984-10-01,352.510000,355.129325,-2.983861,0.364535,355.145568,-3.032776,0.397208,355.160565,-2.936619,0.286054
1984-11-01,353.930000,355.295494,-1.684266,0.318772,355.314713,-1.716369,0.331655,355.337092,-1.667876,0.260785
1984-12-01,354.920000,355.455177,-0.587476,0.052299,355.475550,-0.628927,0.073377,355.504667,-0.499109,-0.085557
1985-01-01,355.690000,355.607571,0.052154,0.030275,355.627380,-0.224698,0.287319,355.658851,-0.304361,0.335511
1985-02-01,356.330000,355.754153,0.524174,0.051674,355.769772,0.472116,0.088112,355.797340,0.390833,0.141827
1985-03-01,357.570000,355.896709,1.548334,0.124957,355.904418,1.602789,0.062792,355.920585,1.483959,0.165456
1985-04-01,358.790000,356.037460,2.852613,-0.100073,356.034561,2.969344,-0.213904,356.035685,2.839156,-0.084840
1985-05-01,359.450000,356.177504,3.271149,0.001346,356.165680,3.380331,-0.096011,356.151937,3.404682,-0.106619
1985-06-01,358.290000,356.315470,2.008383,-0.033853,356.301850,2.131817,-0.143667,356.277710,2.247355,-0.235065
1985-07-01,356.690000,356.451069,0.194916,0.044015,356.440678,0.200708,0.048614,356.416174,0.187463,0.086363
1985-08-01,354.200000,356.584472,-1.930008,-0.454464,356.579137,-1.932560,-0.446577,356.561071,-1.960343,-0.400728
1985-09-01,353.450000,356.716690,-3.163450,-0.103240,356.714206,-3.194137,-0.070070,356.706108,-3.195870,-0.060238
1985-10-01,353.680000,356.849707,-3.071752,-0.097955,356.847179,-3.038876,-0.128304,356.848906,-2.927756,-0.241150
1985-11-01,355.490000,356.985509,-1.663670,0.168161,356.983699,-1.752696,0.258997,356.989622,-1.665277,0.165654
1985-12-01,356.740000,357.124685,-0.634489,0.249804,357.127200,-0.640851,0.253651,357.133844,-0.481206,0.087362
1986-01-01,357.540000,357.266735,-0.119991,0.393257,357.275824,-0.255599,0.519775,357.284776,-0.312366,0.567590
1986-02-01,358.260000,357.410004,0.592546,0.257451,357.424735,0.486939,0.348326,357.438949,0.369764,0.451287
1986-03-01,358.720000,357.551041,1.591390,-0.422431,357.569595,1.627770,-0.477365,357.587762,1.490094,-0.357856
1986-04-01,360.430000,357.686941,2.948178,-0.205120,357.704890,3.000023,-0.274913,357.723415,2.842702,-0.136117
1986-05-01,360.850000,357.816906,3.145192,-0.112098,357.827784,3.368371,-0.346155,357.839622,3.406675,-0.396297
1986-06-01,360.010000,357.943346,2.139080,-0.072426,357.941187,2.154820,-0.086007,357.940607,2.248799,-0.179406
1986-07-01,358.640000,358.070006,0.323467,0.246527,358.055292,0.213421,0.371287,358.039764,0.179347,0.420889
1986-08-01,356.620000,358.200659,-1.890939,0.310280,358.179184,-1.946321,0.387136,358.154830,-1.963270,0.428440
1986-09-01,355.070000,358.337522,-3.102865,-0.164657,358.315807,-3.196251,-0.049556,358.294190,-3.197880,-0.026310
1986-10-01,355.190000,358.480989,-3.201264,-0.089725,358.464320,-3.037304,-0.237017,358.451195,-2.918954,-0.342241
1986-11-01,356.860000,358.630764,-1.764716,-0.006048,358.620826,-1.782528,0.021702,358.613460,-1.662575,-0.090885
1986-12-01,357.800000,358.785722,-0.679096,-0.306626,358.780116,-0.653038,-0.327078,358.771716,-0.462913,-0.508803
1987-01-01,358.330000,358.941668,-0.354088,-0.257580,358.938885,-0.280450,-0.328435,358.927427,-0.320805,-0.276622
1987-02-01,359.560000,359.095958,0.619887,-0.155845,359.095672,0.498330,-0.034002,359.087012,0.348431,0.124556
1987-03-01,361.180000,359.250496,1.631880,0.297625,359.251794,1.639324,0.288882,359.252997,1.496230,0.430773
1987-04-01,362.730000,359.407260,3.026295,0.296445,359.410993,3.020833,0.298175,359.424768,2.846406,0.458826
1987-05-01,362.550000,359.568131,3.158236,-0.176368,359.573506,3.362060,-0.385566,359.595678,3.408297,-0.453975
1987-06-01,362.050000,359.733518,2.316168,0.000314,359.737847,2.188057,0.124096,359.757048,2.250309,0.042643
1987-07-01,360.140000,359.902198,0.384094,-0.146292,359.902648,0.220829,0.016522,359.910898,0.171569,0.057533
1987-08-01,358.270000,360.072467,-1.861719,0.059252,360.068434,-1.965886,0.167453,360.063209,-1.966140,0.172931
1987-09-01,357.540000,360.244066,-3.105088,0.401022,360.235784,-3.196053,0.500269,360.218807,-3.199766,0.520958
1987-10-01,356.970000,360.416719,-3.215656,-0.231062,360.405156,-3.030526,-0.404630,360.381780,-2.910220,-0.501560
1987-11-01,358.500000,360.589347,-1.904105,-0.185241,360.577958,-1.793746,-0.284212,360.555154,-1.659951,-0.395203
1987-12-01,360.130000,360.761975,-0.727743,0.095768,360.755130,-0.653425,0.028295,360.738305,-0.444443,-0.163862
1988-01-01,360.110000,360.935415,-0.495860,-0.329554,360.934534,-0.313201,-0.511332,360.924925,-0.329718,-0.485207
1988-02-01,361.740000,361.108908,0.572058,0.059034,361.111611,0.499793,0.128596,361.108947,0.326939,0.304114
1988-03-01,362.940000,361.280038,1.724261,-0.064299,361.283357,1.636579,0.020064,361.292064,1.502410,0.145526
1988-04-01,364.640000,361.447481,3.102628,0.089891,361.451420,3.020039,0.168540,361.473089,2.850260,0.316652
1988-05-01,364.970000,361.612329,3.248271,0.109401,361.617584,3.350134,0.002283,361.648472,3.409560,-0.088032
1988-06-01,364.300000,361.775698,2.406812,0.117489,361.783401,2.233612,0.282987,361.814280,2.252030,0.233689
1988-07-01,362.470000,361.936834,0.330195,0.202972,361.948119,0.229700,0.292181,361.968296,0.164159,0.337545
1988-08-01,360.270000,362.094870,-1.950297,0.125427,362.106776,-1.976732,0.139956,362.114926,-1.968940,0.124014
1988-09-01,359.050000,362.249723,-3.153550,-0.046173,362.259451,-3.193928,-0.015523,362.256006,-3.201546,-0.004460
1988-10-01,359.400000,362.401595,-3.102587,0.100993,362.408967,-3.012390,0.003423,362.393809,-2.901500,-0.092309
1988-11-01,360.520000,362.550020,-1.964366,-0.065654,362.554805,-1.789117,-0.245687,362.535615,-1.657482,-0.358132
1988-12-01,361.850000,362.694725,-0.714586,-0.130138,362.696971,-0.634606,-0.212364,362.680406,-0.425863,-0.404544
1989-01-01,362.360000,362.838131,-0.521788,0.043657,362.835989,-0.354977,-0.121012,362.824776,-0.339113,-0.125664
1989-02-01,363.450000,362.983532,0.517781,-0.051313,362.975551,0.479694,-0.005245,362.969520,0.305313,0.175168
1989-03-01,364.960000,363.134996,1.733808,0.091197,363.120651,1.621993,0.217356,363.120874,1.508613,0.330513
1989-04-01,366.020000,363.295501,3.184084,-0.459585,363.276771,2.997830,-0.254601,363.281602,2.854194,-0.115796
1989-05-01,366.800000,363.465359,3.423626,-0.088985,363.445979,3.341248,0.012773,363.450637,3.410521,-0.061159
1989-06-01,366.380000,363.643169,2.345353,0.391478,363.626656,2.278126,0.475218,363.627441,2.254056,0.498503
1989-07-01,363.890000,363.827420,0.240457,-0.177877,363.815397,0.241498,-0.166895,363.810320,0.157102,-0.077422
1989-08-01,361.660000,364.014415,-2.061322,-0.293092,364.009550,-1.965393,-0.384158,363.995749,-1.971690,-0.364059
1989-09-01,360.730000,364.199426,-3.268716,-0.200710,364.204079,-3.195183,-0.278895,364.185413,-3.203273,-0.252140
1989-10-01,361.390000,364.380680,-2.940421,-0.050259,364.393001,-2.988276,-0.014725,364.378448,-2.892703,-0.095745
1989-11-01,362.720000,364.558195,-1.912691,0.074497,364.575027,-1.787314,-0.067713,364.568915,-1.655162,-0.193752
1989-12-01,364.310000,364.732578,-0.715626,0.293049,364.750140,-0.604317,0.164177,364.753862,-0.407160,-0.036702
1990-01-01,364.800000,364.903750,-0.456979,0.353230,364.919252,-0.389149,0.269897,364.931483,-0.348955,0.217472
1990-02-01,365.710000,365.069329,0.457473,0.183198,365.084168,0.436555,0.189278,365.104445,0.283529,0.322026
1990-03-01,366.880000,365.225605,1.713535,-0.059140,365.244541,1.605204,0.030255,365.273917,1.514782,0.091301
1990-04-01,368.960000,365.370590,3.179831,0.409579,365.394848,2.965026,0.600126,365.429854,2.858113,0.672032
1990-05-01,369.100000,365.503006,3.551524,0.045470,365.527655,3.348051,0.224293,365.562542,3.411250,0.126208
1990-06-01,367.410000,365.622729,2.283993,-0.496722,365.641831,2.306448,-0.538279,365.669462,2.256426,-0.515887
1990-07-01,366.160000,365.734242,0.124368,0.301390,365.743725,0.235833,0.180442,365.756169,0.150350,0.253481
1990-08-01,363.820000,365.844610,-2.116505,0.091895,365.843833,-1.951051,-0.072781,365.835427,-1.974417,-0.041009
1990-09-01,362.710000,365.958159,-3.338341,0.090182,365.950567,-3.206752,-0.033815,365.922924,-3.204993,-0.007931
1990-10-01,363.470000,366.075507,-2.876408,0.270901,366.066300,-2.961234,0.364934,366.029463,-2.883732,0.324269
1990-11-01,364.230000,366.196898,-1.788635,-0.178263,366.187655,-1.796044,-0.161612,366.154139,-1.652929,-0.271210
1990-12-01,365.300000,366.321543,-0.643113,-0.378430,366.311882,-0.576977,-0.434905,366.287724,-0.388265,-0.599459
1991-01-01,365.610000,366.449399,-0.396172,-0.443227,366.439083,-0.374277,-0.454807,366.424335,-0.359204,-0.455131
1991-02-01,366.710000,366.582906,0.401351,-0.274257,366.572175,0.369119,-0.231295,366.559645,0.261528,-0.111173
1991-03-01,368.410000,366.725141,1.637895,0.046963,366.713516,1.587692,0.108792,366.698698,1.520833,0.190468
1991-04-01,370.200000,366.878590,3.081237,0.240173,366.866433,2.924581,0.408986,366.853247,2.861918,0.484835
1991-05-01,370.910000,367.046075,3.538396,0.325529,367.036918,3.372307,0.500775,367.026613,3.411812,0.471575
1991-06-01,369.470000,367.229249,2.249575,-0.008823,367.225173,2.313156,-0.068329,367.218599,2.259140,-0.007739
1991-07-01,366.970000,367.423930,0.133524,-0.587454,367.426096,0.211810,-0.667906,367.422577,0.143848,-0.596425
1991-08-01,365.460000,367.624020,-2.062629,-0.101391,367.630496,-1.946548,-0.223948,367.625219,-1.977124,-0.188096
1991-09-01,364.350000,367.824401,-3.250925,-0.223476,367.829068,-3.210420,-0.268648,367.818232,-3.206719,-0.261513
1991-10-01,365.040000,368.021150,-2.834513,-0.146638,368.019292,-2.918065,-0.061227,368.003392,-2.874505,-0.088887
1991-11-01,366.710000,368.212675,-1.693053,0.190379,368.205532,-1.762086,0.266554,368.189643,-1.650690,0.171046
1991-12-01,367.880000,368.400019,-0.527078,0.007059,368.393294,-0.511947,-0.001347,368.385304,-0.369077,-0.136227
1992-01-01,368.520000,368.584547,-0.413673,0.349127,368.585541,-0.375268,0.309727,368.590111,-0.369829,0.299719
1992-02-01,369.350000,368.767315,0.309799,0.272886,368.779632,0.290888,0.279480,368.796090,0.239225,0.314685
1992-03-01,370.670000,368.947118,1.501596,0.221286,368.968693,1.560855,0.140453,368.990653,1.526672,0.152675
1992-04-01,371.910000,369.119127,2.826822,-0.035949,369.144850,2.889569,-0.124419,369.166771,2.865467,-0.122237
1992-05-01,372.640000,369.278154,3.428366,-0.066519,369.303544,3.404755,-0.068299,369.325251,3.412251,-0.097503
1992-06-01,371.830000,369.421992,2.326139,0.081868,369.446160,2.320011,0.063828,369.466763,2.262221,0.101016
1992-07-01,370.030000,369.552689,0.173293,0.304017,369.574243,0.181885,0.273872,369.594114,0.137539,0.298348
1992-08-01,367.720000,369.674486,-1.928861,-0.025625,369.690372,-1.959104,-0.011268,369.708878,-1.979804,-0.009074
1992-09-01,366.730000,369.793893,-3.177747,0.113855,369.800048,-3.210364,0.140316,369.812231,-3.208456,0.126224
1992-10-01,366.940000,369.916522,-2.816587,-0.159935,369.911364,-2.864584,-0.106780,369.912580,-2.864968,-0.107612
1992-11-01,368.400000,370.045689,-1.646871,0.001181,370.031516,-1.697742,0.066226,370.019774,-1.648337,0.028563
1992-12-01,369.950000,370.184711,-0.399111,0.164400,370.163758,-0.402229,0.188472,370.139029,-0.349452,0.160423
1993-01-01,369.700000,370.334742,-0.334112,-0.300630,370.309026,-0.391301,-0.217725,370.273140,-0.380785,-0.192355
1993-02-01,370.550000,370.494644,0.249663,-0.194307,370.466924,0.198589,-0.115513,370.425663,0.216534,-0.092197
1993-03-01,371.730000,370.663162,1.428360,-0.361522,370.636537,1.518594,-0.425131,370.598226,1.532196,-0.400421
1993-04-01,373.040000,370.840116,2.609403,-0.409519,370.816716,2.841169,-0.617884,370.786834,2.868595,-0.615429
1993-05-01,374.140000,371.025193,3.284202,-0.169396,371.006626,3.427927,-0.294554,370.986503,3.412574,-0.259077
1993-06-01,373.780000,371.216354,2.358833,0.204813,371.204590,2.321474,0.253936,371.196354,2.265691,0.317955
1993-07-01,371.660000,371.410456,0.255851,-0.006307,371.407938,0.148784,0.103278,371.414249,0.131399,0.114352
1993-08-01,369.730000,371.604937,-1.786583,-0.088354,371.612139,-1.974927,0.092788,371.634500,-1.982444,0.077944
1993-09-01,368.890000,371.798210,-3.168687,0.260477,371.813356,-3.210765,0.287410,371.847992,-3.210189,0.252197
1993-10-01,369.470000,371.990964,-2.834975,0.314011,372.008829,-2.812228,0.273399,372.046224,-2.855073,0.278849
1993-11-01,370.620000,372.182936,-1.680161,0.117225,372.197829,-1.627849,0.050020,372.226634,-1.645779,0.039144
1993-12-01,372.180000,372.370208,-0.319285,0.129077,372.381165,-0.281864,0.080698,372.392513,-0.329239,0.116726
1994-01-01,372.420000,372.549436,-0.294372,0.164936,372.555543,-0.408458,0.272915,372.551996,-0.392040,0.260044
1994-02-01,372.970000,372.718315,0.142592,0.109093,372.718695,0.102823,0.148482,372.709250,0.193356,0.067394
1994-03-01,374.170000,372.877154,1.418010,-0.125164,372.870508,1.471195,-0.171703,372.863219,1.537306,-0.230525
1994-04-01,375.470000,373.028524,2.578356,-0.136880,373.012314,2.786147,-0.328461,373.008593,2.871171,-0.409764
1994-05-01,376.250000,373.175128,3.261188,-0.186316,373.147901,3.445876,-0.343776,373.145981,3.412794,-0.308774
1994-06-01,375.500000,373.320319,2.305565,-0.125884,373.283364,2.322067,-0.105431,373.282718,2.269550,-0.052268
1994-07-01,373.870000,373.468496,0.201128,0.200376,373.426170,0.116962,0.326868,373.424933,0.125389,0.319678
1994-08-01,372.270000,373.622560,-1.794858,0.442298,373.580508,-1.988352,0.677844,373.578426,-1.985031,0.676604
1994-09-01,370.360000,373.781602,-3.211534,-0.210068,373.745569,-3.209750,-0.175818,373.745638,-3.211915,-0.173723
1994-10-01,370.980000,373.943171,-2.846427,-0.116744,373.917119,-2.761422,-0.175698,373.921352,-2.844772,-0.096579
1994-11-01,372.130000,374.106066,-1.753217,-0.222849,374.090126,-1.556845,-0.403281,374.095003,-1.642935,-0.322067
1994-12-01,373.730000,374.269017,-0.401400,-0.137617,374.259846,-0.158171,-0.371675,374.258681,-0.308312,-0.220369
1995-01-01,374.180000,374.430674,-0.274410,0.023736,374.423255,-0.424222,0.180967,374.413429,-0.403566,0.170136
1995-02-01,374.590000,374.591356,0.094012,-0.095368,374.581345,0.005500,0.003156,374.566132,0.169598,-0.145731
1995-03-01,376.480000,374.753279,1.479695,0.247026,374.739109,1.422078,0.318812,374.724880,1.541946,0.213174
1995-04-01,377.880000,374.919635,2.714773,0.245592,374.903031,2.728166,0.248803,374.895872,2.873139,0.110989
1995-05-01,378.540000,375.092975,3.424188,0.022836,375.077410,3.460528,0.002062,375.078008,3.412950,0.049042
1995-06-01,377.410000,375.274006,2.331131,-0.195138,375.260180,2.322155,-0.172335,375.263875,2.273770,-0.127645
1995-07-01,375.410000,375.460330,0.116052,-0.166383,375.446100,0.086386,-0.122485,375.448480,0.119455,-0.157935
1995-08-01,373.710000,375.649058,-1.942677,0.003619,375.633346,-1.999389,0.076043,375.631200,-1.987575,0.066375
1995-09-01,372.500000,375.839756,-3.224195,-0.115561,375.822789,-3.207780,-0.115009,375.815409,-3.213648,-0.101761
1995-10-01,373.020000,376.032414,-2.783940,-0.228474,376.016681,-2.712634,-0.284048,376.006493,-2.834045,-0.152449
1995-11-01,374.590000,376.227819,-1.616099,-0.021720,376.216244,-1.486151,-0.140094,376.206137,-1.639731,0.023594
1995-12-01,376.180000,376.427892,-0.205753,-0.042139,376.420500,-0.033595,-0.206905,376.413283,-0.286564,0.053281
1996-01-01,376.310000,376.633293,-0.362759,0.039466,376.629854,-0.438948,0.119094,376.623795,-0.415356,0.101562
1996-02-01,376.770000,376.841079,-0.034728,-0.036351,376.842435,-0.093187,0.020751,376.835824,0.145177,-0.211001
1996-03-01,378.620000,377.045007,1.467653,0.107340,377.052300,1.373088,0.194612,377.048352,1.546090,0.025558
1996-04-01,380.040000,377.242875,2.805802,-0.008677,377.253581,2.670223,0.116196,377.258071,2.874491,-0.092563
1996-05-01,381.130000,377.435465,3.545374,0.149160,377.447693,3.474007,0.208300,377.460183,3.413108,0.256709
1996-06-01,380.110000,377.623474,2.321237,0.165289,377.637495,2.321963,0.150542,377.654584,2.278324,0.177092
1996-07-01,377.870000,377.806170,0.002529,0.061301,377.822804,0.056002,-0.008806,377.842218,0.113532,-0.085751
1996-08-01,375.890000,377.981334,-2.131689,0.040355,378.003191,-2.009897,-0.103294,378.023250,-1.990053,-0.143197
1996-09-01,375.230000,378.147136,-3.258406,0.341271,378.177989,-3.203570,0.255581,378.197710,-3.215097,0.247387
1996-10-01,375.860000,378.302160,-2.731008,0.288848,378.345194,-2.662089,0.176895,378.365780,-2.822209,0.316429
1996-11-01,376.860000,378.443797,-1.423980,-0.159817,378.501214,-1.408946,-0.232268,378.524778,-1.634869,-0.029909
1996-12-01,377.970000,378.569240,0.113747,-0.712987,378.640670,0.102194,-0.772864,378.670129,-0.261949,-0.438180
1997-01-01,378.680000,378.677477,-0.428104,0.430628,378.761504,-0.438903,0.357400,378.796587,-0.424582,0.307995
1997-02-01,379.140000,378.749353,-0.102558,0.493206,378.866010,-0.172624,0.446615,378.904187,0.123958,0.111855
1997-03-01,380.580000,378.821148,1.538123,0.220729,378.937449,1.351694,0.290857,378.995824,1.554831,0.029345
1997-04-01,382.160000,378.895119,3.012332,0.252549,379.018462,2.647914,0.493624,379.074513,2.881631,0.203855
1997-05-01,382.970000,378.969747,3.825013,0.175240,379.104644,3.528838,0.336518,379.175420,3.421010,0.373569
1997-06-01,381.720000,379.043862,2.506235,0.169904,379.191544,2.369854,0.158602,379.282470,2.292172,0.145358
1997-07-01,379.310000,379.116716,0.097753,0.095531,379.276813,0.079739,-0.046551,379.389830,0.117794,-0.197624
1997-08-01,376.970000,379.187809,-2.110768,-0.107041,379.359255,-1.961675,-0.427579,379.495412,-1.981248,-0.544163
1997-09-01,375.970000,379.256819,-3.021897,-0.264922,379.438423,-3.132732,-0.335691,379.598818,-3.204259,-0.424559
1997-10-01,376.630000,379.323625,-2.391523,-0.302102,379.514489,-2.542989,-0.341499,379.700751,-2.797026,-0.273725
1997-11-01,378.300000,379.388336,-0.936398,-0.151938,379.588033,-1.259546,-0.028487,379.802490,-1.616377,0.113887
1997-12-01,380.320000,379.451251,0.732327,0.136422,379.659876,0.310946,0.349177,379.905462,-0.223352,0.637890
