date,total_spillover,from_var_1,to_var_1,net_var_1,from_var_2,to_var_2,net_var_2,from_var_3,to_var_3,net_var_3,from_var_4,to_var_4,net_var_4
1994-10-01,54.083349213046986,9.868524389540042,17.14139940618513,7.272875016645088,8.79609927039069,24.575509706048337,15.779410435657647,19.999129866153538,3.112661319093106,-16.88646854706043,15.419595686962712,9.253778781720406,-6.1658169052423055
1995-01-01,52.14673380874526,8.888678500422762,17.15103011906467,8.26235161864191,8.13952373873588,24.874448600259285,16.734924861523403,19.62825479124845,3.0656494939303065,-16.562605297318147,15.490276778338163,7.055605595490995,-8.434671182847168
1995-04-01,52.41242129461362,9.670926002658565,15.288128758259367,5.617202755600802,7.8670072815855505,25.79216952285265,17.9251622412671,19.924274802796877,2.643527811364537,-17.280746991432338,14.950213207572633,8.688595202137078,-6.261618005435555
1995-07-01,52.46671396284037,9.876153951428995,15.17032320315781,5.294169251728816,7.81835885774805,25.76103782962399,17.942678971875942,19.90072228451073,2.657078654398002,-17.24364363011273,14.871478869152593,8.878274275660566,-5.9932045934920275
1995-10-01,51.99143618038011,9.850199386660616,15.05247209812296,5.202272711462344,7.650997270451956,25.775985227480064,18.124987957028107,19.917384239035385,2.616474583294027,-17.300909655741357,14.57285528423215,8.546504271483059,-6.026351012749091
1996-01-01,51.69114153256508,9.93960358447154,13.973257813510084,4.033654229038545,7.900314376461348,25.488505735411138,17.58819135894979,19.9179625756142,2.5967669180579134,-17.321195657556288,13.933260996017976,9.632611065585941,-4.300649930432035
1996-04-01,53.689148884180995,11.483930344681506,11.972695168153027,0.48876482347152184,8.291606129368223,26.48949569778565,18.197889568417427,20.340515336582868,2.5943609983400444,-17.746154338242825,13.573097073548396,12.632597019902281,-0.9405000536461152
1996-07-01,54.91306797291809,11.927741249379551,11.76163973878827,-0.16610151059128064,8.570740364610979,28.029581270114978,19.458840905503997,20.465341939336128,2.511181743264347,-17.95416019607178,13.949244419591428,12.610665220750494,-1.3385791988409341
1996-10-01,53.95352933807781,11.666413323598078,12.102512491116945,0.4360991675188668,7.898914012804282,28.455783623718855,20.556869610914575,20.24359382428291,2.615876478448118,-17.627717345834792,14.14460817739253,10.77935674479389,-3.3652514325986402
1997-01-01,55.01577541399867,12.316982217161124,10.706815032818467,-1.6101671843426573,8.374920436907571,29.68882455816558,21.313904121258012,20.592738265142984,2.3256252413902856,-18.2671130237527,13.731134494787,12.29451058162435,-1.4366239131626504
1997-04-01,54.63447775618114,12.292149283974299,10.998072912078447,-1.2940763718958515,8.233605360199928,29.508077582402812,21.274472222202885,20.487904067510872,2.3671358097232025,-18.12076825778767,13.620819044496042,11.761191451976675,-1.8596275925193666
1997-07-01,53.30409027538312,12.502274065002156,9.689915137250825,-2.8123589277513314,8.056197238172286,28.878546482459626,20.822349244287338,19.941806905043663,2.681882308593373,-17.25992459645029,12.803812067165007,12.053746347079283,-0.7500657200857237
1997-10-01,53.35411410854369,12.403062252591269,10.355858996817327,-2.047203255773942,7.682168079170859,29.113554370221113,21.431386291050252,19.483559329915114,3.251182774702109,-16.232376555213005,13.78532444686646,10.633517966803153,-3.151806480063307
1998-01-01,53.16378526566836,12.004892905180473,10.73939961909944,-1.265493286081032,8.259396353005155,28.13934011380692,19.879943760801766,19.471931228785404,2.633461985739486,-16.838469243045918,13.427564778697334,11.651583547022524,-1.7759812316748107
1998-04-01,53.19605266710688,12.35685357887602,9.918839623130019,-2.438013955746001,7.616107436387967,28.966393661498067,21.3502862251101,19.556709753062897,2.4511080991056424,-17.105601653957255,13.666381898780003,11.859711283373157,-1.806670615406846
1998-07-01,52.7808257989156,12.215029270176048,9.690567776989074,-2.5244614931869744,7.720977764923504,29.054698805464664,21.33372104054116,19.4229171954004,2.4338510258980364,-16.989066169502365,13.42190156841564,11.601708190563823,-1.8201933778518171
1998-10-01,51.80815789874398,11.796182489644966,9.134139227648655,-2.6620432619963115,7.2115985328118635,28.364831065598157,21.153232532786294,19.610250596674128,2.5742942674478297,-17.0359563292263,13.190126279613034,11.734893338049346,-1.455232941563688
1999-01-01,52.29756993122096,11.819274927036606,9.496794809414471,-2.322480117622135,7.429657712044049,28.702477148731266,21.272819436687215,19.742408088139022,2.419382318285178,-17.323025769853846,13.30622920400129,11.678915654790046,-1.6273135492112445
1999-04-01,52.92560084162752,12.244737172240056,8.78306106738553,-3.4616761048545257,7.974419421255149,28.366839177134263,20.392419755879114,19.50494959099513,2.819530436770848,-16.68541915422428,13.201494657137186,12.956170160336884,-0.24532449680030233
1999-07-01,52.92158466297877,11.990957836950678,9.024175976844791,-2.966781860105886,7.9960681833346845,28.75395742129241,20.757889237957723,19.568926974949736,2.6912249709405653,-16.877702004009173,13.365631667743669,12.452226293901012,-0.9134053738426573
1999-10-01,51.287587543591314,11.823055086017789,8.28475566740155,-3.538299418616239,6.666722593737259,29.359852249015216,22.693129655277957,19.44535525946786,2.5633290679940606,-16.8820261914738,13.352454604368408,11.079650559180491,-2.2728040451879163
2000-01-01,51.53998387067102,12.084863401293944,7.98346821595427,-4.101395185339674,6.648967512897211,29.88208928528755,23.233121772390337,19.415433532317493,2.574555023648486,-16.840878508669007,13.39071942416238,11.099871345780718,-2.2908480783816625
2000-04-01,51.190777541294075,12.101555005632566,7.589929125974651,-4.511625879657915,6.473912984544428,30.133636517284113,23.659723532739687,19.337240446832,2.581751358653983,-16.755489088178017,13.27806910428509,10.885460539381338,-2.3926085649037514
2000-07-01,50.81977355289094,12.06109044796802,7.592967232593442,-4.468123215374578,6.1358252604721555,30.10834605830441,23.972520797832253,19.389504949398983,2.539002028259568,-16.850502921139416,13.2333528950518,10.579458233733543,-2.6538946613182564
2000-10-01,50.75740037752796,12.168526719818448,7.342831764988889,-4.82569495482956,6.213259175354244,30.30102654356941,24.087767368215168,19.25639202356639,2.483744407495541,-16.77264761607085,13.119222458788876,10.629797661474115,-2.4894247973147614
2001-01-01,52.40994960016998,13.11143570121454,6.434466986507513,-6.676968714707028,6.382211622551296,31.44660886393693,25.064397241385635,19.311853998264578,2.9104736486628293,-16.401380349601748,13.604448278139555,11.6184001010627,-1.9860481770768548
2001-04-01,55.7924556344491,14.414750541163565,7.790754978620809,-6.623995562542756,7.259494726839341,32.23791841004108,24.97842368320174,20.070864953590423,2.595700836378821,-17.4751641172116,14.047345412855783,13.168081409408394,-0.8792640034473891
2001-07-01,56.34675107825602,14.674999381679646,7.491415482761809,-7.183583898917837,7.483756200927924,32.274072703812486,24.79031650288456,20.18254930143987,2.646422052143043,-17.536127249296825,14.005446194208593,13.934840839538692,-0.07060535466990103
2001-10-01,55.70901268987867,14.60138110543568,7.027647347353779,-7.573733758081901,7.339957227407584,31.7743385581812,24.434381330773615,20.017213300130575,2.8976964971207773,-17.119516803009798,13.750461056904834,14.009330287222921,0.25886923031808706
2002-01-01,56.46183751570163,14.807001649657842,7.6048341593848034,-7.202167490273038,7.869138341773038,31.02897166776891,23.159833325995873,19.997432556274536,2.991034613142692,-17.006397943131844,13.788264967996222,14.836997075405222,1.0487321074090001
2002-04-01,56.77372849565745,16.140831860479675,5.401279174658824,-10.73955268582085,7.748600232629277,32.178615547165386,24.430015314536107,19.824778239337633,2.882558249344204,-16.94221998999343,13.059518163210859,16.311275524489037,3.2517573612781785
2002-07-01,56.43701669425649,15.925605415735749,5.527176255783845,-10.398429159951904,7.7276664053183595,31.756972208446722,24.029305803128363,19.808100315551695,2.7641730971651004,-17.043927218386592,12.975644557650694,16.388695132860835,3.413050575210141
2002-10-01,55.88549227817919,15.882725009190313,4.856645537878461,-11.026079471311853,7.712169822823905,31.425341913493988,23.71317209067008,19.76259033751355,2.6415345955594263,-17.121055741954123,12.52800710865143,16.96197023124732,4.433963122595891
2003-01-01,55.664194750617625,15.876844928466841,4.355522826754182,-11.52132210171266,7.994428661460895,30.555888176411518,22.561459514950624,19.716438793252866,2.37038430071253,-17.346054492540336,12.07648236743703,18.382399446739388,6.305917079302358
2003-04-01,55.70258688935573,15.788225927117228,4.371327432352118,-11.41689849476511,7.986111258603887,30.478056606821834,22.491945348217946,19.761405848885502,2.1815376844018193,-17.579868164483685,12.16684385474911,18.671665165779956,6.504821311030845
2003-07-01,56.119298675353676,15.786605037559434,4.5966035623640185,-11.190001475195416,8.395326664356414,29.781944364925817,21.386617700569403,19.783864452758802,2.270323161341698,-17.513541291417106,12.15350252067903,19.470427586722153,7.316925066043122
2003-10-01,55.98957417578973,15.628359050337547,4.753805657364755,-10.874553392972793,8.899393178679912,29.053037722033682,20.15364454335377,19.734958018983257,2.188198793089544,-17.546759225893712,11.726863927789013,19.994532003301753,8.26766807551274
2004-01-01,56.49102004962588,15.471731519289367,5.640294508483747,-9.83143701080562,9.343079526207118,28.17737591977332,18.8342963935662,20.02410352570097,1.9312016731966717,-18.092901852504298,11.652105478428417,20.74214794817214,9.090042469743722
2004-04-01,57.44968972294819,15.680872737393535,5.858221020046166,-9.82265171734737,9.790922883471548,28.33424766111447,18.543324777642923,20.159463488978396,1.9878279172591273,-18.171635571719268,11.818430613104708,21.26939312452843,9.450962511423723
2004-07-01,57.5493971559195,16.164787143126556,4.685694744995845,-11.47909239813071,9.331716711538505,30.353472363567047,21.021755652028542,20.060141721885323,1.9433538937478436,-18.11678782813748,11.992751579369115,20.56687615360877,8.574124574239656
2004-10-01,56.85205707516744,15.676871436195562,4.823091655117283,-10.853779781078279,8.961119479689042,30.53994589492488,21.578826415235838,20.10236144089665,1.7451164918871727,-18.357244949009477,12.111704718386177,19.7439030332381,7.632198314851925
2005-01-01,57.70296090310774,16.07708646111592,4.897998565327208,-11.179087895788712,9.009556814064211,31.033304190852412,22.0237473767882,20.256926146846986,1.8299865863365288,-18.42693956051046,12.359391481080618,19.94167156059159,7.582280079510973
2005-04-01,57.55874994924353,16.460010035458794,4.466344715875691,-11.993665319583103,8.867911005808422,31.671592969981642,22.803681964173222,19.890196234348533,1.8013074009363403,-18.08888883341219,12.340632673627768,19.619504862449833,7.278872188822065
2005-07-01,57.78680616567746,16.517913337285673,4.896253691449563,-11.621659645836111,9.023645250867023,31.71275419184668,22.689108940979658,19.90826719526826,1.5497012056713202,-18.35856598959694,12.336980382256518,19.6280970767099,7.291116694453381
2005-10-01,58.263215086679686,16.877907389060514,4.605236688603963,-12.272670700456551,8.92458082500146,31.981179789482095,23.056598964480635,19.90362930903564,1.5926718836591518,-18.31095742537649,12.55709756358207,20.084126724934475,7.527029161352404
2006-01-01,58.14353819226299,17.55244577384476,3.3149021414889623,-14.237543632355797,9.017937697601258,31.878134780811614,22.860197083210355,19.657738113305378,1.807765322108694,-17.849972791196684,11.91541660751159,21.142735947853723,9.227319340342133
2006-04-01,57.92581893295561,18.216130931164738,2.5930770790700124,-15.623053852094726,9.005343315769712,31.43603814155821,22.4306948257885,19.01748734922609,2.755984793882708,-16.261502555343384,11.686857336795065,21.14071891844467,9.453861581649605
2006-07-01,57.76280470533297,17.8029420587144,3.123735063248999,-14.679206995465401,8.922857268074393,32.09079459700916,23.167937328934762,19.23596421901875,2.3047321969197765,-16.931232022098975,11.801041159525424,20.243542848155037,8.442501688629614
2006-10-01,59.19615563895064,18.22385453648792,2.8842027403283637,-15.339651796159556,10.113402352503794,30.81020068471134,20.696798332207546,19.228617623496046,3.0655711398361,-16.163046483659947,11.630281126462874,22.436181074074828,10.805899947611953
2007-01-01,58.16288851627335,17.95849354723732,3.0300777385527917,-14.92841580868453,9.976726860194091,30.927172643928508,20.950445783734416,19.254128567590907,2.715870260584605,-16.538258307006302,10.973539541251029,21.48976787320744,10.516228331956412
2007-04-01,57.89125965196937,17.932593445097623,3.065103021879101,-14.867490423218523,9.65913892502533,31.579871124053955,21.920732199028627,19.024718350698492,2.8775875671672946,-16.147130783531196,11.274808931147934,20.368697938869033,9.0938890077211
2007-07-01,57.89605888224847,17.972063888404218,2.9717254567245552,-15.000338431679662,10.636279495705642,29.991203492099476,19.354923996393836,18.99244424615294,2.7123876976142935,-16.280056548538646,10.29527125198567,22.22074223581014,11.92547098382447
2007-10-01,56.62378232634748,17.703620853981842,2.8077455492720116,-14.895875304709831,10.532709115703609,28.58315752667905,18.05044841097544,18.63980391140586,3.460663602349333,-15.179140309056526,9.747648445256175,21.772215648047087,12.024567202790912
2008-01-01,56.99561085495512,17.72646651522743,2.712390159283186,-15.014076355944244,11.284887213515264,27.42597154426953,16.141084330754268,18.5212536565495,3.5146851679781226,-15.006568488571379,9.46300346966292,23.342563983424277,13.879560513761357
2008-04-01,54.886621014913906,16.53394239204818,2.9249708143717914,-13.608971577676387,11.224920469824074,27.573646715419898,16.348726245595824,18.250804974464913,3.4879231744510366,-14.762881800013876,8.876953178576752,20.900080310671182,12.02312713209443
2008-07-01,54.72603565886769,15.688488409366252,4.76866251826467,-10.919825891101581,9.433893262489379,30.747476411450027,21.313583148960646,18.62384690277628,3.3431804469297597,-15.28066645584652,10.979807084235782,15.866716282223237,4.886909197987455
2008-10-01,54.333665069424306,15.558358666784613,5.065861800710217,-10.492496866074397,8.943357588646622,31.316482150477356,22.373124561830736,18.58746318841302,2.97765323127442,-15.609809957138602,11.244485625580044,14.973667886962314,3.7291822613822703
2009-01-01,54.38769774726596,16.008176847238936,4.922499307891598,-11.085677539347337,9.023453126756333,30.562003123677094,21.53854999692076,18.796272436468307,3.102274563171453,-15.693997873296855,10.559795336802381,15.800920752525816,5.241125415723435
2009-04-01,55.627907119188926,15.43890120892315,6.894531400472499,-8.54436980845065,8.094277657530489,33.778101681779546,25.683824024249056,19.211999019163315,2.0413216356282113,-17.170677383535104,12.882729233571972,12.91395240130866,0.03122316773668743
2009-07-01,57.242010670741784,15.344478823955043,8.332457691613616,-7.012021132341427,8.723444433491132,33.837942891393034,25.114498457901902,19.510718133722776,1.7388482283984714,-17.771869905324305,13.66336927957284,13.332761859336662,-0.33060742023617884
2009-10-01,57.59603403660962,15.161317330750276,8.971082756731025,-6.19023457401925,9.148640363694371,32.84229936036613,23.693658996671758,19.645005578993626,1.588115865685353,-18.056889713308273,13.641070763171353,14.194536053827129,0.553465290655776
2010-01-01,57.65311518517691,14.95581391016383,9.543931876659169,-5.411882033504661,9.538865215965107,31.90507992465004,22.366214708684932,19.810253459504366,1.4380474893874173,-18.372205970116948,13.348182599543602,14.766055894480278,1.4178732949366761
2010-04-01,57.94462928658769,14.806367442910412,10.125333482850838,-4.681033960059574,9.628381309965716,31.65726070863204,22.028879398666326,19.991368475898458,1.3062675506871957,-18.685100925211263,13.518512057813089,14.855767544417594,1.337255486604505
2010-07-01,57.68062554081486,14.39170642716393,10.732427240926421,-3.6592791862375087,10.135152871178407,30.155931636922638,20.020778765744232,19.944940295074666,1.105353725952446,-18.83958656912222,13.208825947397845,15.686912937013348,2.4780869896155036
2010-10-01,58.117037425964945,14.319325309810548,11.360470544380966,-2.9588547654295816,10.791193613073554,29.17473413195153,18.38354051887798,20.06621557107015,1.0200831376754476,-19.046132433394703,12.940302932010697,16.561749611957005,3.621446679946308
2011-01-01,58.02220236677047,14.091247758968944,12.415497043259629,-1.6757507157093148,11.118362995593836,28.22210360519878,17.10374060960494,20.024397496315277,0.9865375599306149,-19.037859936384663,12.788194115892399,16.39806415838144,3.6098700424890424
2011-04-01,57.954438859263604,12.738544557689597,15.75921776794723,3.020673210257634,11.737834666566869,26.06703240114929,14.329197734582422,20.212827187177467,0.7758978474160461,-19.43692933976142,13.265232447829673,15.352290842751032,2.0870583949213586
2011-07-01,58.05534641747512,12.926817744213889,16.149664137344676,3.222846393130787,11.74206560458179,26.08599900485496,14.343933400273169,20.25424064256256,0.791352691030512,-19.46288795153205,13.132222426116883,15.02833058424497,1.8961081581280865
2011-10-01,58.67347360743065,13.73857301209543,15.3358900164482,1.597317004352771,11.529874615328806,27.896193444002588,16.366318828673784,20.285753778291586,0.8412809836898447,-19.44447279460174,13.119272201714818,14.600109163290007,1.4808369615751893
2012-01-01,59.132994849524756,12.824511386560095,17.366758509567497,4.542247123007401,12.095984849644935,26.312493999083475,14.21650914943854,20.550372689127254,0.7875125870722428,-19.76286010205501,13.662125924192479,14.666229753801543,1.0041038296090647
2012-04-01,59.18995035293791,13.313836502919335,16.01378148631038,2.6999449833910436,11.67249832695634,28.083999567581273,16.411501240624933,20.436748793950144,0.7887714253313943,-19.64797736861875,13.766866729112092,14.303397873714866,0.5365311446027743
2012-07-01,58.630491355187964,14.384116751456217,14.118757951982468,-0.2653587994737485,9.748979906612703,33.08370828481176,23.33472837819906,20.20821873018346,0.7915470519538628,-19.416671678229598,14.289175966935586,10.636478066439867,-3.6526979004957187
2012-10-01,58.9654572374678,14.768044059691022,13.471109954908336,-1.296934104782686,9.477537703678912,34.634397546321544,25.156859842642632,20.162242606737482,0.7857172785280815,-19.3765253282094,14.557632867360388,10.074232457709835,-4.483400409650553
2013-01-01,58.69017208790095,14.826368931107888,13.025637661061742,-1.8007312700461462,8.829742544842368,35.48919212155015,26.65944957670778,20.16179345993614,0.7711841184563035,-19.390609341479834,14.872267152014556,9.404158186832762,-5.468108965181795
2013-04-01,58.36528769005952,15.33410321796434,11.393683648044691,-3.9404195699196496,7.308277690218504,38.0503644524868,30.742086762268293,20.210457907278457,0.7030774837366423,-19.507380423541814,15.512448874598237,8.218162105791402,-7.294286768806835
2013-07-01,59.078679280825305,15.181490297639094,12.559846079727668,-2.6216442179114257,7.454620307543938,37.604326219289796,30.14970591174586,20.345348478148672,0.6875143697621391,-19.657834108386535,16.0972201974936,8.226992612045692,-7.870227585447907
2013-10-01,58.89042686281438,14.487679821780059,13.50601342794248,-0.9816663938375783,8.050691477631036,35.42517999440705,27.37448851677602,20.520879802754475,0.7753401646266693,-19.745539638127806,15.831175760648824,9.183893275838184,-6.64728248481064
2014-01-01,58.97125282195903,14.354932987315461,13.563348071872728,-0.7915849154427335,8.233114454211426,35.28097135577822,27.047856901566796,20.694182382472132,0.6919906817384462,-20.002191700733686,15.689022997960006,9.434942712569633,-6.254080285390373
2014-04-01,58.577441110683594,14.041301455606897,14.240523088489276,0.19922163288237904,8.269817745893546,34.76894063689742,26.49912289100387,20.49691250744244,0.7372173419217705,-19.759695165520668,15.76940940174072,8.830760043375149,-6.938649358365572
2014-07-01,59.048842403455915,14.75970312705347,12.428389637199986,-2.3313134898534837,7.675143336896903,37.37307698708281,29.69793365018591,20.659166655085738,0.6239000753462752,-20.035266579739464,15.954829284419795,8.623475703826838,-7.331353580592957
2014-10-01,59.80941561240367,13.703232223507417,16.80806750449554,3.104835280988123,9.770550018146318,33.28451664213088,23.513966623984565,20.402260210775786,1.3339909553401696,-19.068269255435617,15.933373159974154,8.382840510437092,-7.550532649537063
2015-01-01,60.317488686720885,13.874391456897946,17.43965864471378,3.5652671878158344,9.923581490676426,34.01761487015288,24.094033379476457,20.45753831990343,1.2863439423305423,-19.17119437757289,16.061977419243085,7.573871229523685,-8.4881061897194
2015-04-01,60.97069559749191,14.642249799096478,15.248826633536197,0.6065768344397195,9.895213348567584,35.0340276727474,25.138814324179815,20.594363077739423,1.4285878695021985,-19.165775208237225,15.838869372088416,9.259253421706116,-6.5796159503822995
2015-07-01,60.82298079875612,14.480689814997005,15.751361771003209,1.270671956006204,9.81119218449902,35.25692627138358,25.445734086884556,20.552074608352886,1.3362008029404757,-19.21587380541241,15.979024190907209,8.478491953428861,-7.500532237478348
2015-10-01,60.62713142518046,14.331830767608606,15.78706905156755,1.455238283958943,9.901819141659848,35.05237321267989,25.15055407102004,20.5339633537922,1.3430021270730792,-19.19096122671912,15.859518162119796,8.444687033859937,-7.414831128259859
2016-01-01,60.96277175200828,14.338401755626725,16.59772279975422,2.2593210441274945,10.820308697878128,33.00897991918977,22.188671221311644,20.338320738106287,1.580943634982529,-18.75737710312376,15.465740560397142,9.775125398081771,-5.690615162315371
2016-04-01,61.32238426833616,14.610010761402748,16.292287926296407,1.6822771648936587,10.37427960306452,34.45976745386265,24.08548785079813,20.415772993833244,1.4609715907871572,-18.954801403046087,15.922320910035637,9.109357297389927,-6.81296361264571
2016-07-01,61.33372797702425,14.70577820760437,15.733909865188162,1.028131657583792,9.775300450471768,35.56906305629069,25.79376260581892,20.40541031763288,1.675244014964096,-18.730166302668785,16.447239001315232,8.355511040581307,-8.091727960733925
2016-10-01,61.11120736056223,14.258707362470584,16.26253497256714,2.003827610096554,10.28713886017473,34.00246424454385,23.715325384369123,20.352351953477122,1.6292337888798962,-18.723118164597224,16.2130091844398,9.216974354571349,-6.996034829868453
2017-01-01,60.71296253359619,14.195660258125834,15.678847441655416,1.4831871835295818,10.027293211393317,34.02957255066708,24.002279339273766,20.296446022700753,1.6127799708437716,-18.68366605185698,16.193563041376287,9.391762570429913,-6.8018004709463735
2017-04-01,61.09089288640597,14.547774192095153,15.150722107061076,0.6029479149659238,9.80754949601062,34.85647950549585,25.048930009485225,20.443920980095392,1.5842799659847668,-18.859641014110625,16.291648218204806,9.499411307864285,-6.79223691034052
2017-07-01,61.08366293105316,14.651626243197208,14.8020160610025,0.1503898178052907,9.633492922305095,35.34620241731936,25.712709495014266,20.17191840067322,2.388907156297556,-17.783011244375665,16.62662536487763,8.54653729643374,-8.080088068443889
2017-10-01,62.55024815463448,15.666265895847504,12.721923608711627,-2.9443422871358766,9.34086014036906,37.584676135186356,28.243815994817297,20.51650554048077,2.857239091605817,-17.659266448874956,17.026616577937144,9.38640931913067,-7.640207258806473
2018-01-01,61.994792114250444,15.180626385795936,13.843780708543019,-1.3368456772529171,9.59074859285576,36.40137620894606,26.8106276160903,19.77948043404322,4.12668150050143,-15.652798933541789,17.443936701555522,7.622953696259932,-9.82098300529559
2018-04-01,61.58474606552649,14.849129578120326,14.454008917698587,-0.395120660421739,9.706831573242017,35.75938448144166,26.05255290819964,19.53508019229291,4.413096468128578,-15.12198372416433,17.493704721871225,6.958256198257651,-10.535448523613574
2018-07-01,62.01519284830746,15.170294358688558,13.733102585211892,-1.4371917734766662,9.371868269492692,37.42231101088664,28.050442741393944,20.02556937993763,3.6356051189429714,-16.389964260994656,17.447460840188587,7.22417413326596,-10.223286706922627
2018-10-01,62.3585758054503,14.905986888290427,13.968562084263429,-0.9374248040269979,10.052166470115957,36.265951393717934,26.213784923601978,20.114738982971787,3.3490510113972207,-16.765687971574565,17.285683464072143,8.775011316071742,-8.5106721480004
2019-01-01,62.224491366337055,14.657156467853612,14.272870225714449,-0.3842862421391633,10.478375045835032,35.116602484932216,24.638227439097186,20.05830719645741,3.2608887742624897,-16.79741842219492,17.03065265619099,9.574129881427892,-7.4565227747630995
2019-04-01,61.50920994873261,14.375820075544407,14.27917747965805,-0.09664259588635637,10.99459177208992,33.33474413400764,22.340152361917724,19.377848876137524,4.524880718414638,-14.852968157722886,16.760949224960758,9.370407616652283,-7.3905416083084745
2019-07-01,61.25905033390558,14.42512265285102,13.399248817240528,-1.0258738356104917,11.429961796815554,32.15709101692143,20.727129220105873,18.674120675440562,5.897702254523962,-12.7764184209166,16.729845208798437,9.80500824521967,-6.924836963578768
2019-10-01,62.0592347156788,14.577266593764943,13.911262892627668,-0.6660037011372744,10.84526743626865,34.21406069122682,23.36879325495817,18.716497340588,5.807846016862009,-12.90865132372599,17.92020334505721,8.126065114962296,-9.794138230094914
2020-01-01,61.77820994590725,14.620910101341181,13.60549178970609,-1.0154183116350914,10.95583045905721,33.95438689106122,22.99855643200401,18.427906068593934,5.848938239409544,-12.57896782918439,17.77356331691492,8.3693930257304,-9.40417029118452
2020-04-01,61.147221764828394,14.767098724717375,13.586301888606522,-1.1807968361108525,11.002084528159969,33.78282485034567,22.7807403221857,17.9722084281138,5.915403481689685,-12.056804946424114,17.405830083837262,7.862691544186529,-9.543138539650734
2020-07-01,61.54360035151952,14.74652487555501,14.063777947640666,-0.6827469279143443,10.795296303205285,34.496802390753324,23.70150608754804,17.973451355317156,6.0059219060056925,-11.967529449311463,18.02832781744207,6.977098107119844,-11.051229710322225
2020-10-01,60.65129268708884,13.366190890296265,16.637218474679685,3.27102758438342,10.083425584239848,35.704926981351136,25.621501397111288,18.413333404226996,3.8134002899440285,-14.599933114282969,18.78834280832574,4.495746941113991,-14.29259586721175
2021-01-01,59.76347469076882,13.386014932563514,16.085978907379822,2.699963974816308,9.980294253549344,35.73602652785815,25.755732274308805,17.70893801119873,3.928977752606143,-13.779960258592586,18.68822749345722,4.0124915029247035,-14.675735990532516
2021-04-01,60.43381393455003,14.205427431495615,15.230896681135992,1.025469249640377,9.64828565881569,36.719392706132545,27.071107047316858,17.952649050334657,3.9426868518886717,-14.009962198445985,18.627451793904058,4.540837695392823,-14.086614098511234
2021-07-01,60.262660221883465,12.902615616787273,18.904866055566067,6.002250438778795,10.361133980645521,34.68230280638368,24.321168825738162,17.99701144414211,3.34766585374814,-14.64934559039397,19.001899180308563,3.3278255061855817,-15.674073674122981
2021-10-01,60.32524531658166,13.174451877312901,18.847658297358315,5.673206420045414,10.380091444910168,34.77405970161504,24.39396825670487,17.811998485545864,3.45689289146974,-14.355105594076123,18.958703508812718,3.2466344261385602,-15.712069082674159
2022-01-01,60.61116097176519,12.832580527261166,20.275320267390807,7.442739740129641,10.925677293037744,33.605913037975384,22.68023574493764,17.924180508053787,3.461376117472807,-14.462804390580981,18.928722643412492,3.2685515489261983,-15.660171094486294
2022-04-01,60.91949551778557,13.457939627168969,18.203374219993805,4.745434592824836,10.134268688033906,36.39654806264963,26.262279374615723,18.237523219426464,3.137163942032865,-15.100359277393599,19.089763983156228,3.182409293109276,-15.907354690046953
2022-07-01,60.64215570480984,12.898113173778786,19.19746862941286,6.299355455634075,11.09620083059152,33.79993344365958,22.703732613068063,17.79118228452184,4.29108772527451,-13.500094559247332,18.856659415917715,3.353665906462908,-15.502993509454807
2022-10-01,60.304130240991384,13.241045882331125,16.36795352306884,3.1269076407377163,10.31492451188284,35.83991370374656,25.52498919186372,17.717262339304334,4.465724723223251,-13.251537616081084,19.030897507473078,3.6305382909527264,-15.400359216520352
2023-01-01,60.226187623053185,11.886586032841656,20.27122014821556,8.384634115373903,11.829996053556469,31.43617889136605,19.606182837809584,17.678192272926058,4.85184605564265,-12.826346217283408,18.831413263729,3.6669425278289243,-15.164470735900077
2023-04-01,59.25204868732398,11.380380637466123,19.78216057764167,8.401779940175546,11.609833387496597,30.919159075100765,19.30932568760417,17.502523501142672,4.9633742616462655,-12.539149239496407,18.759311161218587,3.587354772935277,-15.17195638828331
2023-07-01,58.186484090527955,11.4054280237287,18.23925354915572,6.83382552542702,10.830263364089346,31.38273694982142,20.552473585732074,17.3321575792807,4.99835932683364,-12.33379825244706,18.618635123429208,3.566134264717173,-15.052500858712035
2023-10-01,58.270485753816935,10.579470662203475,20.8935667356933,10.314096073489827,11.685177497425393,28.76479737012766,17.079619872702267,17.485901606622534,4.8811790423212,-12.604722564301333,18.51993598756553,3.730942605674778,-14.78899338189075
2024-01-01,56.1288793981355,10.646600207808197,16.807276071454496,6.160675863646299,10.804784997135744,28.89962329915766,18.094838302021916,16.793280283952807,5.762096139818254,-11.031184144134553,17.88421390923875,4.659883887705085,-13.224330021533664
2024-04-01,55.93748173220136,10.632439796530038,16.34280741150698,5.71036761497694,10.573941535765707,29.145511998830248,18.57157046306454,16.668094100506202,5.775943064825899,-10.892151035680303,18.063006299399426,4.673219257038247,-13.389787042361178
2024-07-01,55.333375415515796,10.312158682374974,16.907310053171752,6.595151370796778,10.557705958735013,27.96875696434305,17.411051005608037,16.687119675455552,5.868394143628075,-10.818725531827477,17.77639109895025,4.588914254372916,-13.187476844577333
2024-10-01,54.78410132279902,9.62298957431491,17.39314389600487,7.770154321689958,10.768879969706225,26.953668064988367,16.184788095282144,16.65799552620572,5.8695614846102115,-10.788434041595508,17.73423625257217,4.567727877195578,-13.166508375376592
2025-01-01,55.46111363602642,10.726820941562698,15.73683501582235,5.010014074259653,10.12520921560479,29.34496487558916,19.21975565998437,16.947674808735865,5.32219731207042,-11.625477496665445,17.661408670123045,5.057116432544477,-12.604292237578568
2025-04-01,56.808526927456704,11.51792950840963,15.862368656671002,4.3444391482613725,10.316223041800285,29.989191117337157,19.672968075536872,17.09469725653775,5.612859558159341,-11.481837698378408,17.87967712070903,5.3441075952892,-12.53556952541983
2025-07-01,55.784658088020024,10.237348546511852,17.88903060071977,7.651682054207919,10.838255341956534,27.774592526307284,16.936337184350748,16.962144698918586,5.301721989367782,-11.660422709550804,17.746909500633052,4.819312971625191,-12.927596529007861
2025-10-01,54.871786940334346,9.338338169152568,17.98389538627509,8.645557217122523,11.352023781728176,26.002580924001567,14.65055714227339,16.461025949771575,6.572327479469478,-9.888698470302096,17.720399039682032,4.3129831505882175,-13.407415889093816
2026-01-01,55.745293933248384,10.009593003586092,17.321389846358336,7.311796842772244,11.250284030522021,27.175640725132222,15.925356694610201,16.682509401532304,6.801375094744016,-9.881134306788287,17.80290749760797,4.446888267013819,-13.35601923059415
2026-04-01,56.248288438969794,10.435772829372352,17.227581392720985,6.791808563348633,11.403855522479803,26.933329436466323,15.52947391398652,16.632720738228297,7.443610965386756,-9.18910977284154,17.775939348889334,4.643766644395725,-13.132172704493609
2026-07-01,57.10706706715687,10.486970906265386,18.596875359493133,8.109904453227747,12.307734584646091,25.292800895903696,12.985066311257604,16.38045078930212,8.269908060134021,-8.110542729168099,17.931910786943266,4.947482751626012,-12.984428035317254
2026-10-01,55.372079944095056,9.67471516357472,19.048163025179665,9.373447861604944,12.202019978271125,24.387739165701856,12.185719187430731,15.56284116654941,8.192230573938161,-7.370610592611248,17.932503635699806,3.743947179275378,-14.188556456424429
2027-01-01,55.28496849767181,9.02330053522463,18.621904281125506,9.598603745900876,12.360200316108541,23.806902188478933,11.446701872370392,15.812157675178321,9.474884475136156,-6.337273200042166,18.08930997116031,3.381277552931207,-14.708032418229104
2027-04-01,56.27951872059652,10.61824665594199,15.862563197966681,5.244316542024691,11.876883827773316,25.51422463438219,13.637340806608876,16.082517666404232,10.262515233448081,-5.8200024329561515,17.70187057047698,4.640215654799571,-13.061654915677408
2027-07-01,54.57281514593506,9.990407400861793,14.401256020339694,4.4108486194779015,11.99036185353661,23.114420548401434,11.124058694864823,14.9367564631743,13.32999287009716,-1.6067635930771402,17.65528942836237,3.727145707096782,-13.928143721265588
2027-10-01,53.8131820284216,10.460430048165442,10.099958898263115,-0.3604711499023274,10.67092330406817,26.36925894470744,15.69833564063927,15.033375327464594,13.18303516645834,-1.8503401610062529,17.648453348723393,4.160929018992703,-13.48752432973069
2028-01-01,56.358585246922345,12.744601707835674,8.409484674643037,-4.3351170331926365,9.3892830125507,31.061154921449575,21.671871908898872,16.033388695550794,12.752191781895366,-3.281196913655428,18.191311830985164,4.135753868934357,-14.055557962050807
2028-04-01,55.67427240240339,12.399774248999352,8.504284988760835,-3.8954892602385165,9.299606606968199,30.29732559521222,20.997718988244024,15.869078683316603,12.941346076042512,-2.9277326072740912,18.105812863119237,3.931315742387821,-14.174497120731417
2028-07-01,55.71586722865166,12.614964592446528,8.846585272456228,-3.7683793199903004,8.988746006944274,31.07795577519306,22.089209768248786,16.336782278543183,11.884400600779765,-4.452381677763418,17.775374350717673,3.9069255802225964,-13.868448770495077
2028-10-01,55.227561839484615,12.34435479548408,8.94786276759115,-3.396492027892929,8.578549756596468,31.655913588796714,23.07736383220025,16.749264804558273,10.779665309943056,-5.969599494615217,17.555392482845793,3.8441201731537005,-13.711272309692092
2029-01-01,55.95352829276683,12.459010590512687,9.448604775748118,-3.010405814764569,8.906365015841422,31.881901799942327,22.975536784100903,16.64653811222609,10.978940074085475,-5.667598038140614,17.941614574186637,3.6440816429909164,-14.297532931195722
2029-04-01,55.59713631952634,12.886280054641967,7.72526608066234,-5.161013973979626,8.189431842340408,33.226944291868556,25.037512449528148,16.79915992015509,10.406063593807493,-6.393096326347598,17.722264502388878,4.238862353187957,-13.48340214920092
2029-07-01,55.096006799933875,12.434598099562056,8.249854691525613,-4.184743408036443,8.105264569101486,32.36276349028273,24.257498921181245,17.014483524097283,10.080794535370107,-6.933688988727177,17.541660607173032,4.402594082755417,-13.139066524417615
2029-10-01,55.28285318861105,12.740430647618167,8.078917074860952,-4.661513572757215,8.507948421183102,31.966374996026413,23.458426574843312,16.972309188857686,10.160193704228494,-6.812115484629192,17.062164930952093,5.077367413495194,-11.984797517456899
2030-01-01,55.30759039651314,12.995634919322075,7.729613329116934,-5.266021590205141,8.57467219918126,31.702189758331876,23.12751755915062,17.24772528518519,9.481509315031285,-7.766215970153905,16.489557992824604,6.394277994033032,-10.095279998791572
2030-04-01,55.573644976569824,12.72757229526181,8.126769776212145,-4.600802519049665,8.664852692885944,31.148216206708245,22.4833635138223,17.19877424146306,9.821493431937746,-7.377280809525313,16.982445746958994,6.477165561711683,-10.505280185247312
2030-07-01,55.651703397146356,12.614428216386663,8.327264749911892,-4.287163466474771,8.685652499790642,31.215671427767028,22.530018927976386,17.230549361922957,9.743398482718256,-7.487150879204702,17.121073319046094,6.3653687367491845,-10.755704582296909
2030-10-01,54.812385201427475,12.137462110402755,8.347377180844346,-3.790084929558409,8.247961835822101,31.45574033848956,23.20777850266746,17.20750014471049,9.558176315845547,-7.649323828864944,17.219461110492134,5.451091366248029,-11.768369744244104
2031-01-01,53.958978684575285,11.90465771622981,7.933941992477164,-3.9707157237526456,8.134521578540893,31.616785266425286,23.48226368788439,17.202410398718783,9.310113757892363,-7.8922966408264195,16.71738899108579,5.098137667780465,-11.619251323305326
2031-04-01,53.685674882970346,11.746348283817909,8.22978916132763,-3.5165591224902784,8.469815055857044,30.243235632093167,21.773420576236123,16.776418703221125,10.074778776686905,-6.70163992653422,16.693092840074275,5.137871312862639,-11.555221527211636
2031-07-01,54.385549889908255,12.377243137023655,7.76382841415976,-4.613414722863895,8.143008594689372,31.795566865137964,23.652558270448594,17.524680801547,8.452583587818504,-9.072097213728496,16.34061735664823,6.373571022792032,-9.9670463338562
2031-10-01,54.2364376323476,12.01883354485734,8.77707869538648,-3.24175484947086,8.68952112313815,29.521752283010077,20.832231159871927,17.333842749759867,9.685650160792484,-7.648192588967383,16.194240214592238,6.251956493158552,-9.942283721433686
2032-01-01,53.98145482470029,11.891403324638391,8.329626519295877,-3.5617768053425145,9.002429537499602,28.763727454797266,19.761297917297664,16.771139892453625,11.044492087440121,-5.726647805013505,16.316482070108673,5.843608763167037,-10.472873306941636
2032-04-01,53.495971383897135,12.113631426099511,7.979453308820261,-4.13417811727925,8.896606572312042,28.757046985315405,19.860440413003364,16.528553640384224,11.304851984024042,-5.223701656360182,15.957179745101365,5.454619105737443,-10.502560639363923
2032-07-01,52.278025158769715,11.91535047165698,6.925997730448747,-4.989352741208234,8.344049165980877,29.131758912432794,20.787709746451917,15.86027264093448,11.811772626950717,-4.048500013983764,16.15835288019738,4.408495888937454,-11.749856991259927
2032-10-01,53.4518829296177,12.704261998906214,6.8714429774126184,-5.832819021493595,8.793295069718962,28.6493122208349,19.85601715111594,15.817459485866642,12.34579114548328,-3.4716683403833617,16.13686637512588,5.5853365858868935,-10.551529789238987
2033-01-01,54.05150673799045,13.22930112789594,6.725179972799722,-6.504121155096218,9.42410760349517,26.964097243204417,17.539989639709248,15.554587153630873,13.515398264686604,-2.0391888889442686,15.843510852968471,6.846831257299709,-8.996679595668763
2033-04-01,53.5651897815424,13.05902957316269,7.295756719444609,-5.763272853718081,8.883979758638757,27.38911257709643,18.505132818457675,15.58663192523003,12.570566630837444,-3.016065294392586,16.035548524510922,6.309753854163922,-9.725794670347
2033-07-01,54.9190838861932,13.180080706176453,8.229204166747847,-4.950876539428606,10.552000185175551,24.234082417486437,13.682082232310886,14.699613396453003,15.466029241383788,0.7664158449307852,16.487389598388198,6.989768060575126,-9.497621537813071
2033-10-01,54.48534306045835,13.59926205289102,7.435420750679149,-6.163841302211872,10.837057127533162,22.63554871510883,11.798491587575667,14.336037034020027,16.600095796880492,2.264058762860465,15.712986846014143,7.814277797789881,-7.898709048224262
2034-01-01,55.75473811669562,13.91092913211962,8.105365464483437,-5.805563667636182,12.03905604133281,20.54414880286192,8.50509276152911,13.876418311504857,19.118013620039502,5.241595308534645,15.92833463173834,7.987210229310768,-7.941124402427572
2034-04-01,55.40565542023425,14.160990149248992,6.902048185200761,-7.258941964048231,11.850225245150101,20.459553640604973,8.609328395454872,13.518526216053866,20.449504560005245,6.930978343951379,15.87591380978128,7.59454903442327,-8.28136477535801
2034-07-01,55.36279173585681,14.809267717549869,5.717842975320978,-9.091424742228892,12.19372421732361,19.586485100068227,7.392760882744618,12.43303863464614,23.010891440934465,10.577852806288325,15.9267611663372,7.04757221953315,-8.879188946804051
2034-10-01,55.4356002086859,15.246053913089083,4.850000463457493,-10.39605344963159,12.47139566442102,18.500651363035992,6.029255698614971,11.819281594972827,25.30363396645704,13.484352371484212,15.898869036202983,6.781314415735391,-9.117554620467592
2035-01-01,55.71331838970251,15.400101327321122,4.597449815501594,-10.802651511819528,12.17003631038032,19.19905722485499,7.029020914474669,12.012715649298238,25.34954518053634,13.3368295312381,16.130465102702825,6.567266168809585,-9.56319893389324
2035-04-01,54.77520373420705,15.415292094187524,3.7206671111275096,-11.694624983060015,12.604690563917236,17.09844600573282,4.493755441815585,10.161895351516772,28.548471764816206,18.386576413299434,16.593325724585508,5.407618852530516,-11.185706872054993
2035-07-01,54.52366902088941,15.300499104486581,3.932370050425746,-11.368129054060836,11.68849148593547,18.17701038664662,6.488518900711151,10.731265885802705,26.851575321413307,16.1203094356106,16.80341254466465,5.56271326240373,-11.24069928226092
2035-10-01,54.6320664976018,15.03629031567139,4.70140558013334,-10.33488473553805,10.865627389368754,21.26697805003553,10.401350660666775,11.851964687716295,22.89926965074701,11.047304963030713,16.87818410484535,5.764413216685915,-11.113770888159435
2036-01-01,54.95747372679132,14.829493850230763,4.995870341242414,-9.83362350898835,10.547396493889066,22.420782270473946,11.87338577658488,12.450423188005862,21.679290919193196,9.228867731187334,17.130160194665617,5.861530195881752,-11.268629998783865
2036-04-01,55.58332179507302,15.04276993357257,5.216578709092673,-9.826191224479897,10.26098495568645,23.024652308064866,12.763667352378416,12.764173853025621,21.32745458405308,8.563280731027458,17.51539305278838,6.014636193862405,-11.500756858925975
2036-07-01,55.49023236723314,15.322435486393662,4.765637302852229,-10.556798183541432,9.850024614143155,24.406118053599606,14.55609343945645,13.129522910689474,19.83343870077251,6.7039157900830375,17.18824935600685,6.485038310008795,-10.703211045998055
2036-10-01,55.45271211633247,15.133604780989279,5.005547171283552,-10.128057609705728,9.866011535296767,24.079171116895157,14.21315958159839,13.0679834190848,20.203317081266526,7.135333662181726,17.385112380961615,6.164676746887232,-11.220435634074384
2037-01-01,55.999893957439696,15.197424493441542,4.679904327264425,-10.517520166177118,10.556509471474607,22.832825280587237,12.27631580911263,13.661428535782266,18.594220051423765,4.932791515641499,16.584531456741274,9.892944298164256,-6.691587158577018
2037-04-01,56.16748624337495,15.199598787101984,4.651626061179822,-10.547972725922161,10.620187185591009,22.579451476198994,11.959264290607985,13.713215274352319,18.4577253641454,4.744510089793081,16.634484996329647,10.47868334185074,-6.155801654478907
2037-07-01,56.672259645167124,15.296235888249987,4.697789612584337,-10.59844627566565,10.862960108985462,22.27655417527682,11.41359406629136,13.722519587714638,18.478227822937797,4.7557082352231586,16.790544060217034,11.219688034368172,-5.570856025848862
2037-10-01,57.14401853597334,15.308960311432894,4.463013466162402,-10.845946845270493,11.571992957276844,22.465096968337342,10.893104011060498,13.670344105442819,18.603136037082383,4.932791931639564,16.59272116182078,11.612772064391214,-4.979949097429566
2038-01-01,57.27402392969988,15.374945944117997,4.161090947136683,-11.213854996981315,12.704189110050255,20.088821294524177,7.384632184473922,12.926344018159755,19.498999456189654,6.5726554380299,16.26854485737188,13.525112231849374,-2.743432625522505
2038-04-01,57.858882060462676,15.235281697258095,4.307845328508312,-10.927436368749785,12.258596016559723,22.48863904400638,10.230043027446657,13.554812357476898,18.713428488861222,5.158616131384324,16.810191989167954,12.348969199086762,-4.461222790081193
2038-07-01,58.196808602276406,15.410157793515394,4.200463055198308,-11.209694738317086,12.53065399149153,21.967112739861065,9.436458748369535,13.60083613239065,18.926940712844985,5.326104580454334,16.65516068487883,13.102292094372043,-3.5528685905067867
2038-10-01,58.43697184538317,15.39662033683739,4.083328348217581,-11.31329198861981,12.099980611008638,23.839883730097938,11.7399031190893,14.046225840707487,18.224163458180254,4.177937617472766,16.89414505682965,12.289596308887395,-4.604548747942255
2039-01-01,58.86256499730212,15.610085316046735,3.856322614571038,-11.753762701475697,11.629131617686777,25.68545785782888,14.056326240142102,14.488262702479327,17.546168150341522,3.057905447862195,17.135085361089285,11.774616374560672,-5.360468986528613
2039-04-01,58.92875584994947,15.797850033020113,3.734592776304513,-12.0632572567156,12.01543286068987,24.437056551460206,12.421623690770335,14.286616083157702,18.29799475669251,4.011378673534809,16.828856873081776,12.459111765492235,-4.369745107589541
2039-07-01,59.599630580191885,16.064372726587266,3.266335376200909,-12.798037350386357,12.588888414483762,23.698285157797297,11.109396743313535,14.245575928903476,19.283133186292932,5.037557257389457,16.700793510217387,13.351876859900752,-3.348916650316635
2039-10-01,58.46106323718446,15.248996333308975,4.106807955843367,-11.142188377465608,12.385687931792377,23.15595670578798,10.770268773995602,13.35762653551133,20.80683399086631,7.44920745535498,17.468752436571776,10.391464584686812,-7.0772878518849645
2040-01-01,59.1252988793396,15.667820826531376,4.177694429095944,-11.490126397435432,12.416619490602871,23.509236517746707,11.092617027143836,13.543368786063748,20.587421309606057,7.044052523542309,17.497489776141613,10.850946622890897,-6.646543153250716
2040-04-01,59.05497481877872,15.432484992456452,4.447949890896509,-10.984535101559942,12.551459079453178,22.8588257349209,10.307366655467721,13.454218998904546,21.033154158946026,7.57893516004148,17.616811747964544,10.715045034015299,-6.901766713949245
2040-07-01,58.55333488540333,14.795950602352564,5.092442265254082,-9.703508337098482,12.118174635376622,23.49132538690606,11.373150751529437,13.319188297105121,21.260059475920002,7.940871178814881,18.32002135056903,8.709507757323191,-9.610513593245837
2040-10-01,58.64676585258576,14.984721861086037,4.7069974752674035,-10.277724385818633,12.363692588732397,23.012780800634317,10.64908821190192,13.166579131508415,21.339806962752927,8.173227831244512,18.131772271258907,9.587180613931112,-8.544591657327794
2041-01-01,59.1783151323242,15.294247335576552,4.443396738419239,-10.850850597157311,13.099418416052972,21.442581716945348,8.343163300892376,12.502188215936327,22.96972350971645,10.467535293780122,18.282461164758352,10.322613167243167,-7.959847997515185
2041-04-01,58.502643223088334,15.463541164562974,4.322286674774459,-11.141254489788516,12.760787874594726,20.088985095214117,7.328197220619391,11.377994607142808,25.649895637729593,14.271901030586784,18.900319576787833,8.44147581537017,-10.458843761417663
2041-07-01,58.994202265345955,15.833670090388347,4.540832701927795,-11.292837388460551,13.495388591866764,17.841765282736095,4.346376690869331,10.562716143456033,28.320695402385287,17.757979258929254,19.10242743963482,8.290908878296785,-10.811518561338035
2041-10-01,58.13614509040021,15.495259271310363,4.575653033382197,-10.919606237928166,13.031124955251281,18.170803123209748,5.139678167958467,10.60420052705055,26.86916729619756,16.26496676914701,19.005560336788022,8.520521637610717,-10.485038699177306
2042-01-01,58.343914090766305,15.406226755240802,3.639328848348708,-11.766897906892094,14.422569141235073,15.957574162451968,1.5350050212168949,10.147828517476059,28.50982036196697,18.36199184449091,18.367289676814366,10.23719071799866,-8.130098958815706
2042-04-01,57.22305685900404,15.438787029175494,3.440147090204816,-11.998639938970678,14.776677349293783,13.153803101523968,-1.6228742477698148,9.635543499172048,27.97631529564264,18.34077179647059,17.372048981362713,12.65279137163262,-4.719257609730093
2042-07-01,57.01922712569858,15.577784870616354,3.3040373867617516,-12.273747483854603,14.86444340314538,12.148643604239517,-2.715799798905863,9.123442675898568,28.862284860663344,19.738842184764778,17.453556176038283,12.704261274033968,-4.749294902004316
2042-10-01,56.121571778480714,15.269490395477053,3.118722876350259,-12.150767519126795,14.492150714585982,12.387060447344247,-2.105090267241735,9.099260409581353,27.81384684478494,18.714586435203586,17.260670258836324,12.801941610001268,-4.458728648835056
2043-01-01,56.591490784457974,15.546508142841875,3.0049962609578262,-12.541511881884048,14.590142885102777,11.870787514136419,-2.7193553709663583,8.813863642094255,29.70816558746045,20.894301945366195,17.640976114419082,12.00754142190329,-5.633434692515792
2043-04-01,54.76344494356466,14.814866509482275,3.2243151022094962,-11.590551407272779,12.871035804230878,14.604488617500289,1.7334528132694107,10.277533927258773,23.114913333753815,12.837379406495042,16.800008702592738,13.819727890101069,-2.980280812491669
2043-07-01,54.75506670944317,14.58514141991471,3.422070793692056,-11.163070626222654,12.68953239675199,15.572419331519693,2.882886934767704,10.720387218895974,22.028678584543567,11.308291365647593,16.760005673880503,13.731897999687853,-3.0281076741926505
2043-10-01,55.15879834810351,14.592477999319259,3.8574840448965824,-10.734993954422677,12.665663207047395,16.04457167073563,3.3789084636882336,11.060316525018107,21.486013426692665,10.425696901674558,16.84034061671876,13.77072920577864,-3.0696114109401194
2044-01-01,55.166650700228956,14.388908736962613,4.432078210707779,-9.956830526254834,12.806613165611964,15.922204100584135,3.1155909349721718,11.116885459998146,21.09158722115806,9.974701761159915,16.854243337656232,13.720781167778975,-3.133462169877257
2044-04-01,57.283262809524395,14.638241623325477,5.163641806548462,-9.474599816777015,13.335267240008623,17.097646127824646,3.7623788878160234,12.336944255987811,20.560106954843903,8.223162698856092,16.972809690202485,14.461867920307384,-2.5109417698951013
2044-07-01,56.83696578287352,14.593789155458332,5.177636310136234,-9.416152845322099,13.589245153133216,15.567893691791912,1.978648538658696,11.840839725455144,21.22577955772711,9.384939832271964,16.813091748826825,14.86565622321827,-1.9474355256085545
2044-10-01,57.21435373746304,14.596680197050102,5.327206705825158,-9.269473491224943,14.433058472981596,14.098126373044007,-0.3349320999375891,11.811210921963195,21.459790549144138,9.648579627180943,16.37340414546815,16.329230109449743,-0.04417403601840775
